Abigail,Abby,Abbie,Abie,,,,,,,,,,,,,,,,,,,,,,,,,,
Amanda,"Mandy/ Mindy",,,,,,,,,,,,,,,,,,,,,,,,,,,,
Alison,Ali,Ally,Allie,,,,,,,,,,,,,,,,,,,,,,,,,,
Barbara,Barb,Barbie,,,,,,,,,,,,,,,,,,,,,,,,,,,
Beverly,Beverley,Bev,,,,,,,,,,,,,,,,,,,,,,,,,,,
Charlotte,Lotte,Lottie,Char,,,,,,,,,,,,,,,,,,,,,,,,,,
Deborah,Deb,Debbie,,,,,,,,,,,,,,,,,,,,,,,,,,,
Dorothy,Dot,Dotty,,,,,,,,,,,,,,,,,,,,,,,,,,,
Elizabeth,Liz,Lizzie,Liza,Libb,Lisbeth,Beth,Bessie,Bess,,,,,,,,,,,,,,,,,,,,,
Emily,Em,Emy,,,,,,,,,,,,,,,,,,,,,,,,,,,
Hilary,Hil,,,,,,,,,,,,,,,,,,,,,,,,,,,,
Jennifer,Jenny,Jen,,,,,,,,,,,,,,,,,,,,,,,,,,,
Kathryn,Kate,Katie,,,,,,,,,,,,,,,,,,,,,,,,,,,
Margaret,Maggie,Meg,Maisie,,,,,,,,,,,,,,,,,,,,,,,,,,
Natasha,Tash,Tasha,,,,,,,,,,,,,,,,,,,,,,,,,,,
Nicola,Nicky,,,,,,,,,,,,,,,,,,,,,,,,,,,,
Pamela,Pam,Pammy,,,,,,,,,,,,,,,,,,,,,,,,,,,
Patricia,Pat,Patty,Patsy,Trish,Trisha,,,,,,,,,,,,,,,,,,,,,,,,
Philippa,Pippa,,,,,,,,,,,,,,,,,,,,,,,,,,,,
Rachel,Rae,,,,,,,,,,,,,,,,,,,,,,,,,,,,
Sally,Sal,,,,,,,,,,,,,,,,,,,,,,,,,,,,
Sandra,Sandy,,,,,,,,,,,,,,,,,,,,,,,,,,,,
Susan,Suzie,Sue,Suze,,,,,,,,,,,,,,,,,,,,,,,,,,
Victoria,Vicky,Vic,,,,,,,,,,,,,,,,,,,,,,,,,,,
Virginia,Ginny,,,,,,,,,,,,,,,,,,,,,,,,,,,,
,,,,,,,,,,,,,,,,,,,,,,,,,,,,,
,,,,,,,,,,,,,,,,,,,,,,,,,,,,,
,,,,,,,,,,,,,,,,,,,,,,,,,,,,,
,,,,,,,,,,,,,,,,,,,,,,,,,,,,,
,,,,,,,,,,,,,,,,,,,,,,,,,,,,,
Abigail,Nabby,Abby,Gail,,,,,,,,,,,,,,,,,,,,,,,,,,
Abraham,Abe,Bram,,,,,,,,,,,,,,,,,,,,,,,,,,,
Adelaida,Ida,Idly,,,,,,,,,,,,,,,,,,,,,,,,,,,
Alan,Al,,,,,,,,,,,,,,,,,,,,,,,,,,,,
Alastair,Al,Alex,,,,,,,,,,,,,,,,,,,,,,,,,,,
Albert,Al,Bert,,,,,,,,,,,,,,,,,,,,,,,,,,,
Alexander,Alex,Lex,Xander,Sander,Sandy,,,,,,,,,,,,,,,,,,,,,,,,
Alexandra,Alex,Ali,Lexie,Sandy,,,,,,,,,,,,,,,,,,,,,,,,,
Alfred,Al,Alf,Alfie,Fred,Fredo.,,,,,,,,,,,,,,,,,,,,,,,,
Alonzo,Lonnie,,,,,,,,,,,,,,,,,,,,,,,,,,,,
Aloysius,Lou,Lewie,,,,,,,,,,,,,,,,,,,,,,,,,,,
Amanda,Mandy,Mand,,,,,,,,,,,,,,,,,,,,,,,,,,,
Andrew,Andy,Drew,,,,,,,,,,,,,,,,,,,,,,,,,,,
Angus,Gus,,,,,,,,,,,,,,,,,,,,,,,,,,,,
Anne,Nan,Nancy,,,,,,,,,,,,,,,,,,,,,,,,,,,
Anthony,Ant,Tony,,,,,,,,,,,,,,,,,,,,,,,,,,,
Antoinette,Toni,Netta,,,,,,,,,,,,,,,,,,,,,,,,,,,
Arnold,Arnie,,,,,,,,,,,,,,,,,,,,,,,,,,,,
Arthur,Art,,,,,,,,,,,,,,,,,,,,,,,,,,,,
Augustine,Gus,Gussy,Gussie,,,,,,,,,,,,,,,,,,,,,,,,,,
Augustus,Gus,Auggy,,,,,,,,,,,,,,,,,,,,,,,,,,,
,,,,,,,,,,,,,,,,,,,,,,,,,,,,,
,,,,,,,,,,,,,,,,,,,,,,,,,,,,,
,,,,,,,,,,,,,,,,,,,,,,,,,,,,,
Barbara,Barb,Barbie,Babs,Bobbie,,,,,,,,,,,,,,,,,,,,,,,,,
Barnaby,Barney,,,,,,,,,,,,,,,,,,,,,,,,,,,,
Barry,Baz,,,,,,,,,,,,,,,,,,,,,,,,,,,,
Bartholomew,Bart,Barty,Barry,,,,,,,,,,,,,,,,,,,,,,,,,,
Basil,Baz,,,,,,,,,,,,,,,,,,,,,,,,,,,,
Benjamin,Ben,Benji,Benny,,,,,,,,,,,,,,,,,,,,,,,,,,
Beverley,Bev,,,,,,,,,,,,,,,,,,,,,,,,,,,,
Bonnie,Bunnie,Benny,Boner,Bon,,,,,,,,,,,,,,,,,,,,,,,,,
Bradley,Brad,,,,,,,,,,,,,,,,,,,,,,,,,,,,
Bridget,Biddy,Bridey,,,,,,,,,,,,,,,,,,,,,,,,,,,
,,,,,,,,,,,,,,,,,,,,,,,,,,,,,
,,,,,,,,,,,,,,,,,,,,,,,,,,,,,
,,,,,,,,,,,,,,,,,,,,,,,,,,,,,
Calvin,Cal,,,,,,,,,,,,,,,,,,,,,,,,,,,,
Cameron,Cam,,,,,,,,,,,,,,,,,,,,,,,,,,,,
Candace,Candy,,,,,,,,,,,,,,,,,,,,,,,,,,,,
Carolyn,Carol,Lyn,,,,,,,,,,,,,,,,,,,,,,,,,,,
Cassandra,Cassie,Cass,Sandra,Sandy,,,,,,,,,,,,,,,,,,,,,,,,,
Catherine,Cat,Cath,"Cate (Kate)",Cathy,Cassie,Katie,,,,,,,,,,,,,,,,,,,,,,,
Cecilia,Cecie,,,,,,,,,,,,,,,,,,,,,,,,,,,,
Charles,Charlie,Charley,Chuck,Chas,Chaz,Chazza,Chic,Kori,Chip,,,,,,,,,,,,,,,,,,,,
Chester,Chet,Chesty,,,,,,,,,,,,,,,,,,,,,,,,,,,
Christine,Chris,Christy,Chrissy,Chrissie,Tina,,,,,,,,,,,,,,,,,,,,,,,,
Christopher,Chris,Topher,Kit,Chrissy,,,,,,,,,,,,,,,,,,,,,,,,,
Clayton,Clay,,,,,,,,,,,,,,,,,,,,,,,,,,,,
Clement,Clem,,,,,,,,,,,,,,,,,,,,,,,,,,,,
Clifford,Cliff,,,,,,,,,,,,,,,,,,,,,,,,,,,,
Clinton,Clint,,,,,,,,,,,,,,,,,,,,,,,,,,,,
Constance,Connie,,,,,,,,,,,,,,,,,,,,,,,,,,,,
Curtis,Curt,,,,,,,,,,,,,,,,,,,,,,,,,,,,
Cynthia,Cindy,,,,,,,,,,,,,,,,,,,,,,,,,,,,
Cyrus,Cy,,,,,,,,,,,,,,,,,,,,,,,,,,,,
,,,,,,,,,,,,,,,,,,,,,,,,,,,,,
,,,,,,,,,,,,,,,,,,,,,,,,,,,,,
,,,,,,,,,,,,,,,,,,,,,,,,,,,,,
Daniel,Dan,Danny,,,,,,,,,,,,,,,,,,,,,,,,,,,
David,Dave,Davey,Davie,Div,Dav,,,,,,,,,,,,,,,,,,,,,,,,
Deborah,Deb,Debbie,,,,,,,,,,,,,,,,,,,,,,,,,,,
Dolores,Dee,,,,,,,,,,,,,,,,,,,,,,,,,,,,
Dominic,Dom,Nick,Nicky,,,,,,,,,,,,,,,,,,,,,,,,,,
Dominick,Dom,Nick,Nicky,,,,,,,,,,,,,,,,,,,,,,,,,,
Donald,Don,Donny,,,,,,,,,,,,,,,,,,,,,,,,,,,
Dorothy,Dot,Dottie,Doll,Dolly,,,,,,,,,,,,,,,,,,,,,,,,,
Douglas,Doug,,,,,,,,,,,,,,,,,,,,,,,,,,,,
,,,,,,,,,,,,,,,,,,,,,,,,,,,,,
,,,,,,,,,,,,,,,,,,,,,,,,,,,,,
,,,,,,,,,,,,,,,,,,,,,,,,,,,,,
Edmund,Ed,Eddy,Eddie,Ned,Neddie,Ted,Teddy,,,,,,,,,,,,,,,,,,,,,,
Edward,Ed,Eddy,Eddie,Ned,Neddie,Ted,Teddy,,,,,,,,,,,,,,,,,,,,,,
Edwin,Ed,Eddy,Eddie,Ned,Neddie,Ted,Teddy,,,,,,,,,,,,,,,,,,,,,,
Elaine,Lainie,,,,,,,,,,,,,,,,,,,,,,,,,,,,
Eleanor,Ellie,Nell,Nellie,Ella,Elle,Nora,,,,,,,,,,,,,,,,,,,,,,,
Ellen,Nell,Nellie,Ellie,,,,,,,,,,,,,,,,,,,,,,,,,,
Elizabeth,Bess,Bessie,Bette,Bet,Betty,Beth,Betsy,Eliza,Elise,Elsa,Elsie,Elle,Ella,Lisa,Lisbeth,Lissie,Lily,Libby,Liddy,Lizbeth,Lizzie,Liz,Liza,Lilibet,,,,,
Emily,Em,Emmy,Emma,Milly,,,,,,,,,,,,,,,,,,,,,,,,,
Ethel,Eth,,,,,,,,,,,,,,,,,,,,,,,,,,,,
Eugene,Gene,Gen,,,,,,,,,,,,,,,,,,,,,,,,,,,
,,,,,,,,,,,,,,,,,,,,,,,,,,,,,
,,,,,,,,,,,,,,,,,,,,,,,,,,,,,
,,,,,,,,,,,,,,,,,,,,,,,,,,,,,
Ferdinand,Ferd,,,,,,,,,,,,,,,,,,,,,,,,,,,,
Frances,Fran,Franny,Fanny,Frankie,,,,,,,,,,,,,,,,,,,,,,,,,
Francesca,Fran,Franny,Fanny,,,,,,,,,,,,,,,,,,,,,,,,,,
Francesco,Fran,Frank,Frankie,,,,,,,,,,,,,,,,,,,,,,,,,,
Francis,Fran,Frank,Frankie,,,,,,,,,,,,,,,,,,,,,,,,,,
Franklin,Frank,,,,,,,,,,,,,,,,,,,,,,,,,,,,
Frederick,Fred,Freddy,Rick,Fritz,Freddie,,,,,,,,,,,,,,,,,,,,,,,,
,,,,,,,,,,,,,,,,,,,,,,,,,,,,,
,,,,,,,,,,,,,,,,,,,,,,,,,,,,,
,,,,,,,,,,,,,,,,,,,,,,,,,,,,,
Gabriel,Gabe,,,,,,,,,,,,,,,,,,,,,,,,,,,,
Gabriela,Gabby,,,,,,,,,,,,,,,,,,,,,,,,,,,,
Garfield,Gal,Gary,Garry,,,,,,,,,,,,,,,,,,,,,,,,,,
Geoffrey,Geoff,Jeff,,,,,,,,,,,,,,,,,,,,,,,,,,,
Gerald,Gerry,Jerry,,,,,,,,,,,,,,,,,,,,,,,,,,,
Gertrude,Gert,Gertie,Trudy,,,,,,,,,,,,,,,,,,,,,,,,,,
Gilbert,Gil,Gib,Bert,,,,,,,,,,,,,,,,,,,,,,,,,,
Gregory,Greg,,,,,,,,,,,,,,,,,,,,,,,,,,,,
Gustav,Gus,,,,,,,,,,,,,,,,,,,,,,,,,,,,
Gustave,Gus,,,,,,,,,,,,,,,,,,,,,,,,,,,,
,,,,,,,,,,,,,,,,,,,,,,,,,,,,,
,,,,,,,,,,,,,,,,,,,,,,,,,,,,,
,,,,,,,,,,,,,,,,,,,,,,,,,,,,,
Harold,Harry,Hal,,,,,,,,,,,,,,,,,,,,,,,,,,,
Helen,Nell/Nellie,Eleni,,,,,,,,,,,,,,,,,,,,,,,,,,,
Henry,Hank,Hal,Harry,,,,,,,,,,,,,,,,,,,,,,,,,,
Herbert,Herb,Herbie,Bert,,,,,,,,,,,,,,,,,,,,,,,,,,
Hilary,Hil,Hilly,,,,,,,,,,,,,,,,,,,,,,,,,,,
Howard,Howie,,,,,,,,,,,,,,,,,,,,,,,,,,,,
,,,,,,,,,,,,,,,,,,,,,,,,,,,,,
,,,,,,,,,,,,,,,,,,,,,,,,,,,,,
,,,,,,,,,,,,,,,,,,,,,,,,,,,,,
Ingrid,Ing,,,,,,,,,,,,,,,,,,,,,,,,,,,,
Irving,Irv,,,,,,,,,,,,,,,,,,,,,,,,,,,,
Isaac,Ike,,,,,,,,,,,,,,,,,,,,,,,,,,,,
Isabella,Izzy,Isa,Bella,Bell,,,,,,,,,,,,,,,,,,,,,,,,,
Isadore,Izzy,,,,,,,,,,,,,,,,,,,,,,,,,,,,
,,,,,,,,,,,,,,,,,,,,,,,,,,,,,
,,,,,,,,,,,,,,,,,,,,,,,,,,,,,
,,,,,,,,,,,,,,,,,,,,,,,,,,,,,
Jacob,Jake,,,,,,,,,,,,,,,,,,,,,,,,,,,,
James,Jim,Jimmy,Jamie,Jimbo,Jambo,,,,,,,,,,,,,,,,,,,,,,,,
Jane,Jan,,,,,,,,,,,,,,,,,,,,,,,,,,,,
Janet,Jan,,,,,,,,,,,,,,,,,,,,,,,,,,,,
Janice,Jan,,,,,,,,,,,,,,,,,,,,,,,,,,,,
Jason,Jay,Jase,Jake,,,,,,,,,,,,,,,,,,,,,,,,,,
Jeffrey,Jeff,Geoff,,,,,,,,,,,,,,,,,,,,,,,,,,,
Jennifer,Jen,Jenny,,,,,,,,,,,,,,,,,,,,,,,,,,,
Jeremiah,Jeremy,Jerry,Jem,Jey,Jez,,,,,,,,,,,,,,,,,,,,,,,,
Jerome,Jerry,,,,,,,,,,,,,,,,,,,,,,,,,,,,
Jessica,Jess,Jessie,,,,,,,,,,,,,,,,,,,,,,,,,,,
Joel,Joe,Joey,,,,,,,,,,,,,,,,,,,,,,,,,,,
John,Johnny,Jack,Jackie,,,,,,,,,,,,,,,,,,,,,,,,,,
John,Jack,Jock,Johnny,,,,,,,,,,,,,,,,,,,,,,,,,,
Jonathan,Jon,,,,,,,,,,,,,,,,,,,,,,,,,,,,
Jordan,Judd,Jordy,,,,,,,,,,,,,,,,,,,,,,,,,,,
Joseph,Joe,Joey,,,,,,,,,,,,,,,,,,,,,,,,,,,
Josephine,Jo,Joey,Josie,,,,,,,,,,,,,,,,,,,,,,,,,,
Joshua,Josh,,,,,,,,,,,,,,,,,,,,,,,,,,,,
Judith,Judy,,,,,,,,,,,,,,,,,,,,,,,,,,,,
,,,,,,,,,,,,,,,,,,,,,,,,,,,,,
,,,,,,,,,,,,,,,,,,,,,,,,,,,,,
,,,,,,,,,,,,,,,,,,,,,,,,,,,,,
Katherine,Kathy,Kat,Katie,Kate,Kit,Kitty,Katy,,,,,,,,,,,,,,,,,,,,,,
Katrina,Kat,Trina,,,,,,,,,,,,,,,,,,,,,,,,,,,
Kenneth,Ken,Kenny,,,,,,,,,,,,,,,,,,,,,,,,,,,
Kimberly,Kim,Kimmy,,,,,,,,,,,,,,,,,,,,,,,,,,,
Kristen,Krissy,Kris,,,,,,,,,,,,,,,,,,,,,,,,,,,
,,,,,,,,,,,,,,,,,,,,,,,,,,,,,
,,,,,,,,,,,,,,,,,,,,,,,,,,,,,
,,,,,,,,,,,,,,,,,,,,,,,,,,,,,
Laura,Laurie,Lori,,,,,,,,,,,,,,,,,,,,,,,,,,,
Lawrence,Larry,Law,,,,,,,,,,,,,,,,,,,,,,,,,,,
Leonard,Len,Lenny,Leon,Leo,Lee,,,,,,,,,,,,,,,,,,,,,,,,
Leonardo,Len,Lenny,Leon,Leo,Lee,,,,,,,,,,,,,,,,,,,,,,,,
Lillian,Lil,Lilly,,,,,,,,,,,,,,,,,,,,,,,,,,,
Lily,Lil,,,,,,,,,,,,,,,,,,,,,,,,,,,,
Linda,Lynn,Lindy,,,,,,,,,,,,,,,,,,,,,,,,,,,
Louis,Lou,Louie,,,,,,,,,,,,,,,,,,,,,,,,,,,
Louise,Lou,,,,,,,,,,,,,,,,,,,,,,,,,,,,
Lucas,Luke,,,,,,,,,,,,,,,,,,,,,,,,,,,,
Lucille,Lucy,,,,,,,,,,,,,,,,,,,,,,,,,,,,
,,,,,,,,,,,,,,,,,,,,,,,,,,,,,
,,,,,,,,,,,,,,,,,,,,,,,,,,,,,
,,,,,,,,,,,,,,,,,,,,,,,,,,,,,
Madeline,Maddie,,,,,,,,,,,,,,,,,,,,,,,,,,,,
Madison,Maddie,,,,,,,,,,,,,,,,,,,,,,,,,,,,
Margaret,Peg,Peggy,Daisy,Maggie,Marge,Meg,,,,,,,,,,,,,,,,,,,,,,,
Maria,Mia,,,,,,,,,,,,,,,,,,,,,,,,,,,,
Martin,Marty,,,,,,,,,,,,,,,,,,,,,,,,,,,,
Mary,Daisie,Maisie,Polly,Molly,Mare,,,,,,,,,,,,,,,,,,,,,,,,
Matthew,Matt,Matty,,,,,,,,,,,,,,,,,,,,,,,,,,,
Megan,Meg,,,,,,,,,,,,,,,,,,,,,,,,,,,,
Melanie,Mel,,,,,,,,,,,,,,,,,,,,,,,,,,,,
Melissa,Mel,Lissa,Missy,,,,,,,,,,,,,,,,,,,,,,,,,,
Melinda,Mel,Mindy,,,,,,,,,,,,,,,,,,,,,,,,,,,
Michael,Mike,Mick,Mikey,Mickey,,,,,,,,,,,,,,,,,,,,,,,,,
Michele,Shell,Shelley,,,,,,,,,,,,,,,,,,,,,,,,,,,
Miranda,Randy,Mindy,,,,,,,,,,,,,,,,,,,,,,,,,,,
Mitchell,Mitch,,,,,,,,,,,,,,,,,,,,,,,,,,,,
Montague,Monty,,,,,,,,,,,,,,,,,,,,,,,,,,,,
Montgomery,Monty,,,,,,,,,,,,,,,,,,,,,,,,,,,,
Montmorency,Monty,,,,,,,,,,,,,,,,,,,,,,,,,,,,
,,,,,,,,,,,,,,,,,,,,,,,,,,,,,
,,,,,,,,,,,,,,,,,,,,,,,,,,,,,
,,,,,,,,,,,,,,,,,,,,,,,,,,,,,
Natasha,Tasha,Tash,Nat,,,,,,,,,,,,,,,,,,,,,,,,,,
Nathan,Nat,Nate,,,,,,,,,,,,,,,,,,,,,,,,,,,
Nathaniel,Nat,Nath,,,,,,,,,,,,,,,,,,,,,,,,,,,
Nichola,Nickie,Nicki,Nicky,Nikki,,,,,,,,,,,,,,,,,,,,,,,,,
Nicholas,Nick,Nicky,,,,,,,,,,,,,,,,,,,,,,,,,,,
Nichole,Nickie,Nicki,Nicky,Nikki,,,,,,,,,,,,,,,,,,,,,,,,,
Nigel,Nig,Niggy,Niglet,Nige,,,,,,,,,,,,,,,,,,,,,,,,,
Norbert,Nobby,,,,,,,,,,,,,,,,,,,,,,,,,,,,
,,,,,,,,,,,,,,,,,,,,,,,,,,,,,
,,,,,,,,,,,,,,,,,,,,,,,,,,,,,
,,,,,,,,,,,,,,,,,,,,,,,,,,,,,
Oliver,Ollie,,,,,,,,,,,,,,,,,,,,,,,,,,,,
Olivia,Ollie,Liv,,,,,,,,,,,,,,,,,,,,,,,,,,,
Oswald,Ozzy,,,,,,,,,,,,,,,,,,,,,,,,,,,,
,,,,,,,,,,,,,,,,,,,,,,,,,,,,,
,,,,,,,,,,,,,,,,,,,,,,,,,,,,,
,,,,,,,,,,,,,,,,,,,,,,,,,,,,,
Patrick,Pat,,,,,,,,,,,,,,,,,,,,,,,,,,,,
Patricia,Pat,Patty,Tricia,Trish,Patsy,Trisha,,,,,,,,,,,,,,,,,,,,,,,
Paul,Paulie/Polly,,,,,,,,,,,,,,,,,,,,,,,,,,,,
Paula,Paulie/Polly,,,,,,,,,,,,,,,,,,,,,,,,,,,,
Pauline,Paulie/Polly,,,,,,,,,,,,,,,,,,,,,,,,,,,,
Penelope,Penny,,,,,,,,,,,,,,,,,,,,,,,,,,,,
Percival,Percy,,,,,,,,,,,,,,,,,,,,,,,,,,,,
Peregrine,Perry,,,,,,,,,,,,,,,,,,,,,,,,,,,,
Peter,Pete,,,,,,,,,,,,,,,,,,,,,,,,,,,,
Peter,Pete,,,,,,,,,,,,,,,,,,,,,,,,,,,,
Philip,Phil,Philly,,,,,,,,,,,,,,,,,,,,,,,,,,,
Philippa,Pippa,Philly,,,,,,,,,,,,,,,,,,,,,,,,,,,
Priscilla,Cilla,,,,,,,,,,,,,,,,,,,,,,,,,,,,
,,,,,,,,,,,,,,,,,,,,,,,,,,,,,
,,,,,,,,,,,,,,,,,,,,,,,,,,,,,
,,,,,,,,,,,,,,,,,,,,,,,,,,,,,
,,,,,,,,,,,,,,,,,,,,,,,,,,,,,
Rachel,"Ray or Rach",,,,,,,,,,,,,,,,,,,,,,,,,,,,
Raphael,Ralph,Rafi,,,,,,,,,,,,,,,,,,,,,,,,,,,
Raymond,Ray,,,,,,,,,,,,,,,,,,,,,,,,,,,,
Rebecca,Becky,Becca,Becks,Bex,Bec,,,,,,,,,,,,,,,,,,,,,,,,
Regina,Reggie,Gina,,,,,,,,,,,,,,,,,,,,,,,,,,,
Reginald,Reg,Reggie,,,,,,,,,,,,,,,,,,,,,,,,,,,
Renee,Rae,,,,,,,,,,,,,,,,,,,,,,,,,,,,
Richard,Rich,Richie,Rick,Ricky,Dick,Dicky,,,,,,,,,,,,,,,,,,,,,,,
Robert,Bob,Bobby,Bobbie,Robbie,Robin,Rob,Robo,,,,,,,,,,,,,,,,,,,,,,
Roberta,Bobbie,,,,,,,,,,,,,,,,,,,,,,,,,,,,
Roderick,Rod,Roddy,,,,,,,,,,,,,,,,,,,,,,,,,,,
Rodney,Rod,,,,,,,,,,,,,,,,,,,,,,,,,,,,
Ronald,Ron,Ronnie,Ro,,,,,,,,,,,,,,,,,,,,,,,,,,
Russell,Russ,Rusty,,,,,,,,,,,,,,,,,,,,,,,,,,,
,,,,,,,,,,,,,,,,,,,,,,,,,,,,,
,,,,,,,,,,,,,,,,,,,,,,,,,,,,,
,,,,,,,,,,,,,,,,,,,,,,,,,,,,,
Salvador,Sal,,,,,,,,,,,,,,,,,,,,,,,,,,,,
Samantha,Sam,Sammy,,,,,,,,,,,,,,,,,,,,,,,,,,,
Samuel,Sam,Sammy,,,,,,,,,,,,,,,,,,,,,,,,,,,
Sarah,Sadie,Sally,,,,,,,,,,,,,,,,,,,,,,,,,,,
Seymour,Sy,,,,,,,,,,,,,,,,,,,,,,,,,,,,
Sharon,"Shaza (Shaz)",,,,,,,,,,,,,,,,,,,,,,,,,,,,
Simon,Si,Sam,,,,,,,,,,,,,,,,,,,,,,,,,,,
Spencer,Spence,,,,,,,,,,,,,,,,,,,,,,,,,,,,
Stephen,Steve,Stevie,,,,,,,,,,,,,,,,,,,,,,,,,,,
Steven,Steve,Stevie,,,,,,,,,,,,,,,,,,,,,,,,,,,
Susan,Sue,Susie,Suzy,,,,,,,,,,,,,,,,,,,,,,,,,,
,,,,,,,,,,,,,,,,,,,,,,,,,,,,,
,,,,,,,,,,,,,,,,,,,,,,,,,,,,,
,,,,,,,,,,,,,,,,,,,,,,,,,,,,,
Tamara,"Tammy (Tam)",,,,,,,,,,,,,,,,,,,,,,,,,,,,
Tamsin,"Tammy (Tam)",,,,,,,,,,,,,,,,,,,,,,,,,,,,
Terence,Terry,Tel,,,,,,,,,,,,,,,,,,,,,,,,,,,
Teresa,Tracy/Tracey,Terry/Terrie,,,,,,,,,,,,,,,,,,,,,,,,,,,
Theodore,Ted,Teddy,Ed,Eddy,Ned,Neddy,Theo,,,,,,,,,,,,,,,,,,,,,,
Theresa,Tracy/Tracey,Terry/Terrie,,,,,,,,,,,,,,,,,,,,,,,,,,,
Thomas,Tom,Thom,Tommy,,,,,,,,,,,,,,,,,,,,,,,,,,
Timothy,Tim,Timmy,,,,,,,,,,,,,,,,,,,,,,,,,,,
Tobias,Toby,,,,,,,,,,,,,,,,,,,,,,,,,,,,
Trenton,Trent,,,,,,,,,,,,,,,,,,,,,,,,,,,,
Tyler,Ty,,,,,,,,,,,,,,,,,,,,,,,,,,,,
,,,,,,,,,,,,,,,,,,,,,,,,,,,,,
,,,,,,,,,,,,,,,,,,,,,,,,,,,,,
,,,,,,,,,,,,,,,,,,,,,,,,,,,,,
,,,,,,,,,,,,,,,,,,,,,,,,,,,,,
Valerie,Val,,,,,,,,,,,,,,,,,,,,,,,,,,,,
Veronica,Vera,Ronni/Ronnie,,,,,,,,,,,,,,,,,,,,,,,,,,,
Victor,Vic,,,,,,,,,,,,,,,,,,,,,,,,,,,,
Victoria,Vicky,Tori,,,,,,,,,,,,,,,,,,,,,,,,,,,
Vincent,Vinnie,Vince,,,,,,,,,,,,,,,,,,,,,,,,,,,
Violet,Vi,Lettie,,,,,,,,,,,,,,,,,,,,,,,,,,,
Virginia,Ginny,Ginger,Vergie,,,,,,,,,,,,,,,,,,,,,,,,,,
,,,,,,,,,,,,,,,,,,,,,,,,,,,,,
,,,,,,,,,,,,,,,,,,,,,,,,,,,,,
,,,,,,,,,,,,,,,,,,,,,,,,,,,,,
Walter,Wal,Walt,Wally,,,,,,,,,,,,,,,,,,,,,,,,,,
William,Will,Willie,Bill,Billy,Liam,,,,,,,,,,,,,,,,,,,,,,,,
,,,,,,,,,,,,,,,,,,,,,,,,,,,,,
,,,,,,,,,,,,,,,,,,,,,,,,,,,,,
,,,,,,,,,,,,,,,,,,,,,,,,,,,,,
,,,,,,,,,,,,,,,,,,,,,,,,,,,,,
,,,,,,,,,,,,,,,,,,,,,,,,,,,,,
Zachary,Zac,Zach,Zack,,,,,,,,,,,,,,,,,,,,,,,,,,
,,,,,,,,,,,,,,,,,,,,,,,,,,,,,
,,,,,,,,,,,,,,,,,,,,,,,,,,,,,
,,,,,,,,,,,,,,,,,,,,,,,,,,,,,
ABIJAH,ABIA,,,,,,,,,,,,,,,,,,,,,,,,,,,,
ABRAHAM,ABRAM,ABE,ABY,,,,,,,,,,,,,,,,,,,,,,,,,,
ADAM,EDIE,YIDDY,,,,,,,,,,,,,,,,,,,,,,,,,,,
ADRIAN,HADRIAN,,,,,,,,,,,,,,,,,,,,,,,,,,,,
AENEAS,ENEAS,,,,,,,,,,,,,,,,,,,,,,,,,,,,
AGNES,AGGIE,AGGY,INEZ,,,,,,,,,,,,,,,,,,,,,,,,,,
AILEEN,EILEEN,,,,,,,,,,,,,,,,,,,,,,,,,,,,
ALBERT,BERT,BERTIE,,,,,,,,,,,,,,,,,,,,,,,,,,,
ALEXANDER,ALEC,ALEX,ALECK,ALICK,ECK,ECKY,LEX,LEXIE,SANDY,SANDERS,SAWNIE,,,,,,,,,,,,,,,,,,
ALFRED,ALF,ALFIE,,,,,,,,,,,,,,,,,,,,,,,,,,,
ALGERNON,ALGY,,,,,,,,,,,,,,,,,,,,,,,,,,,,
ALICE,ALICIA,ALLY,ALLIE,ELSIE,AILIE,,,,,,,,,,,,,,,,,,,,,,,,
ALISON,ELSIE,AILIE,ALLAN,ALAN,,,,,,,,,,,,,,,,,,,,,,,,,
ANDREW,ANDY,,,,,,,,,,,,,,,,,,,,,,,,,,,,
ANN,ANNA,ANNE,HANNAH,ANNIE,NANCY,NANNY,NINA,NAN,ANNETTE,,,,,,,,,,,,,,,,,,,,
ANNABEL,ANNABELLA,ANNAPLE,,,,,,,,,,,,,,,,,,,,,,,,,,,
ANTHONY,ANTONY,TONY,,,,,,,,,,,,,,,,,,,,,,,,,,,
ANTOINETTE,NET,NETTY,,,,,,,,,,,,,,,,,,,,,,,,,,,
ARABELLA,BELLA,BEL,BELLE,,,,,,,,,,,,,,,,,,,,,,,,,,
ARCHIBALD,ARCHIE,ARCHY,BALDIE,,,,,,,,,,,,,,,,,,,,,,,,,,
AUGUSTIN,AUGUSTINE,AUSTIN,,,,,,,,,,,,,,,,,,,,,,,,,,,
AUGUSTUS,GUS,GUSSIE,GUSTUS,,,,,,,,,,,,,,,,,,,,,,,,,,
BARBARA,BAB,BABS,BABBIE,,,,,,,,,,,,,,,,,,,,,,,,,,
BARNABAS,BARNABY,,,,,,,,,,,,,,,,,,,,,,,,,,,,
BARTHOLOMEW,BART,BAT,,,,,,,,,,,,,,,,,,,,,,,,,,,
BEATRICE,BEATRIX,,,,,,,,,,,,,,,,,,,,,,,,,,,,
BENEDICT,BENNET,,,,,,,,,,,,,,,,,,,,,,,,,,,,
BENJAMIN,BEN,BENNY,,,,,,,,,,,,,,,,,,,,,,,,,,,
BERNARD,BARNEY,,,,,,,,,,,,,,,,,,,,,,,,,,,,
BERTHA,BERTIE,BERTY,,,,,,,,,,,,,,,,,,,,,,,,,,,
BERTRAM,BERT,,,,,,,,,,,,,,,,,,,,,,,,,,,,
BRIDGET,BIDDY,,,,,,,,,,,,,,,,,,,,,,,,,,,,
CAROLINE,CARRIE,CADDIE,,,,,,,,,,,,,,,,,,,,,,,,,,,
CASIMIR,CASSIE,,,,,,,,,,,,,,,,,,,,,,,,,,,,
CATHERINE,CATHERINA,KATHARINE,KATHERINE,CASY,KATE,KATHLEEN,KATIE,CATHIE,KATHIE,KATRINE,KIT,KITTY,,,,,,,,,,,,,,,,,
CECILIA,CECILY,SISELY,SIS,CIS,CISSY,CISSIE,,,,,,,,,,,,,,,,,,,,,,,
CHARLES,CHARLEY,CHARLIE,,,,,,,,,,,,,,,,,,,,,,,,,,,
CHRISTIAN,CHRISTIE,CHRISTY,,,,,,,,,,,,,,,,,,,,,,,,,,,
CHRISTINA,CHRISSIE,TEENIE,TINA,XINA,,,,,,,,,,,,,,,,,,,,,,,,,
CHRISTOPHER,CHRIS,KESTER,KIT,,,,,,,,,,,,,,,,,,,,,,,,,,
CLARA,CLARICE,CLARISSA,CLARE,CLAIRE,,,,,,,,,,,,,,,,,,,,,,,,,
CLAUD,CLAUDIUS,,,,,,,,,,,,,,,,,,,,,,,,,,,,
CLEMENTINA,CLEMINTINE,CLEMENT,,,,,,,,,,,,,,,,,,,,,,,,,,,
CONSTANCE,CONNIE,,,,,,,,,,,,,,,,,,,,,,,,,,,,
CORA,CORINNA,,,,,,,,,,,,,,,,,,,,,,,,,,,,
CRISPIN,CRISPIAN,CRISPUS,,,,,,,,,,,,,,,,,,,,,,,,,,,
DANIEL,DAN,DANNY,,,,,,,,,,,,,,,,,,,,,,,,,,,
DAVID,DAVE,DAVY,,,,,,,,,,,,,,,,,,,,,,,,,,,
DENIS,DENNIS,DENYS,,,,,,,,,,,,,,,,,,,,,,,,,,,
DIANA,DI,DIE,,,,,,,,,,,,,,,,,,,,,,,,,,,
DOROTHEA,DOROTHY,DOL,DOLLY,DORA,,,,,,,,,,,,,,,,,,,,,,,,,
EDITH,ADA,,,,,,,,,,,,,,,,,,,,,,,,,,,,
EDMUND,ED,NED,NEDDY,,,,,,,,,,,,,,,,,,,,,,,,,,
EDWARD,ED,EDDIE,EDDY,NED,NEDDY,TED,TEDDY,,,,,,,,,,,,,,,,,,,,,,
EDWIN,ED,EDDIE,EDDY,,,,,,,,,,,,,,,,,,,,,,,,,,
ELEANOR,ELINOR,HELEN,LEONORA,ELLA,ELLEN,NELL,NELLIE,NORA,NORAH,,,,,,,,,,,,,,,,,,,,
ELISABETH,ELIZA,ELIZABETH,BESS,BESSIE,BESSY,BETH,BETSY,BETTY,ELSIE,,,,,,,,,,,,,,,,,,,,
LIZ,LIZZIE,LIBBY,LISA,LIZA,,,,,,,,,,,,,,,,,,,,,,,,,
ELSPETH,ELSPIE,ELSIE,,,,,,,,,,,,,,,,,,,,,,,,,,,
EMELINE,EMMELINE,EMILY,EMMA,EMM,EMMIE,,,,,,,,,,,,,,,,,,,,,,,,
EMMANUEL,IMMANUEL,MANNY,,,,,,,,,,,,,,,,,,,,,,,,,,,
ESTHER,HESTER,HESTHER,ESSIE,,,,,,,,,,,,,,,,,,,,,,,,,,
EUGENIA,GENIE,,,,,,,,,,,,,,,,,,,,,,,,,,,,
EUPHEMIA,EFFIE,EUPHIE,PHEMIE,PHAMIE,,,,,,,,,,,,,,,,,,,,,,,,,
EVA,EVE,EVELINA,EVELINE,EVELYN,,,,,,,,,,,,,,,,,,,,,,,,,
EZEKIAL,ZEKE,,,,,,,,,,,,,,,,,,,,,,,,,,,,
FAUSTINA,FAUSTINE,,,,,,,,,,,,,,,,,,,,,,,,,,,,
FLORENCE,FLO,FLOSSIE,FLOY,,,,,,,,,,,,,,,,,,,,,,,,,,
FRANCES,FANNY,,,,,,,,,,,,,,,,,,,,,,,,,,,,
FRANCIS,FRANK,FRANCIE,FRANKIE,,,,,,,,,,,,,,,,,,,,,,,,,,
FREDERIC,FREDERICK,FRED,FREDDIE,FREDDY,,,,,,,,,,,,,,,,,,,,,,,,,
FREDERICA,FREDDIE,,,,,,,,,,,,,,,,,,,,,,,,,,,,
GABRIEL,GABE,,,,,,,,,,,,,,,,,,,,,,,,,,,,
GEORGE,DOD,DODDY,GEORDIE,GEORGIE,,,,,,,,,,,,,,,,,,,,,,,,,
GEORGINA,GEORGIANA,GEORGIE,,,,,,,,,,,,,,,,,,,,,,,,,,,
GERALD,GERARD,,,,,,,,,,,,,,,,,,,,,,,,,,,,
GERMAN,GERMAINE,,,,,,,,,,,,,,,,,,,,,,,,,,,,
GERTRUDE,GERTIE,TRUDY,,,,,,,,,,,,,,,,,,,,,,,,,,,
GILBERT,GIL,,,,,,,,,,,,,,,,,,,,,,,,,,,,
GREGORY,GREG,,,,,,,,,,,,,,,,,,,,,,,,,,,,
GRISELDA,GRISSEL,,,,,,,,,,,,,,,,,,,,,,,,,,,,
HAROLD,HARRY,,,,,,,,,,,,,,,,,,,,,,,,,,,,
HARRIET,HARRIOT,HATTY,,,,,,,,,,,,,,,,,,,,,,,,,,,
HELEN,HELENA,NELL,NELLIE,AILIE,LENA,,,,,,,,,,,,,,,,,,,,,,,,
HENRIETTA,ETTA,HETTY,NETTIE,,,,,,,,,,,,,,,,,,,,,,,,,,
HENRY,HARRY,HAL,HEN,HENNY,,,,,,,,,,,,,,,,,,,,,,,,,
HONORA,HONARIA,NORA,NORAH,,,,,,,,,,,,,,,,,,,,,,,,,,
HORACE,HORATIO,,,,,,,,,,,,,,,,,,,,,,,,,,,,
HUGH,HUGO,HUGHIE,HUGHOC,HUGGIN,,,,,,,,,,,,,,,,,,,,,,,,,
HUMPHREY,HUMPHRY,HUMPH,,,,,,,,,,,,,,,,,,,,,,,,,,,
IGNATIUS,INIGO,,,,,,,,,,,,,,,,,,,,,,,,,,,,
ISAAC,IZAAK,IK,IKE,,,,,,,,,,,,,,,,,,,,,,,,,,
ISABEL,ISABELLA,ISABEAU,ISOBEL,ISA,BEL,BELLA,SIBELLA,TIB,TIBBIE,,,,,,,,,,,,,,,,,,,,
JACOB,JAKE,,,,,,,,,,,,,,,,,,,,,,,,,,,,
JAMES,JEAMES,JEM,JIM,JE,MMY,JIMMIE,JIMMY,,,,,,,,,,,,,,,,,,,,,,
JANE,JANET,JEAN,JEANIE,JEANNIE,,,,,,,,,,,,,,,,,,,,,,,,,
JANET,JEN,JENNIE,JENNY,,,,,,,,,,,,,,,,,,,,,,,,,,
JEAN,JEANNE,JEANNETTE,,,,,,,,,,,,,,,,,,,,,,,,,,,
JEREMIAH,JEREMIAS,JEREMY,,,,,,,,,,,,,,,,,,,,,,,,,,,
JESSIE,JESS,,,,,,,,,,,,,,,,,,,,,,,,,,,,
JOAN,JOANNA,JOHANNA,,,,,,,,,,,,,,,,,,,,,,,,,,,
JOHN,JOHNNIE,JOHNNY,JACK,JOCK,,,,,,,,,,,,,,,,,,,,,,,,,
JONAS,JONAH,,,,,,,,,,,,,,,,,,,,,,,,,,,,
JOSEPH,JOE,JOEY,,,,,,,,,,,,,,,,,,,,,,,,,,,
JOSEPHINE,JO,JOSY,JOSIE,JOZY,PHENY,,,,,,,,,,,,,,,,,,,,,,,,
JOSHUA,JOSH,,,,,,,,,,,,,,,,,,,,,,,,,,,,
JOSIAH,JOSIAS,,,,,,,,,,,,,,,,,,,,,,,,,,,,
JUDITH,JUDY,,,,,,,,,,,,,,,,,,,,,,,,,,,,
JULIA,JULIET,JULIE,,,,,,,,,,,,,,,,,,,,,,,,,,,
JULIAN,JULE,,,,,,,,,,,,,,,,,,,,,,,,,,,,
JULIUS,JULE,,,,,,,,,,,,,,,,,,,,,,,,,,,,
KATHLEEN,KATH,CAITLIN,,,,,,,,,,,,,,,,,,,,,,,,,,,
KENNETH,KEN,,,,,,,,,,,,,,,,,,,,,,,,,,,,
LANCELOT,LAUNCELOT,,,,,,,,,,,,,,,,,,,,,,,,,,,,
LAURA,LAURINDA,,,,,,,,,,,,,,,,,,,,,,,,,,,,
LAURENCE,LAWRENCE,LORENZO,LARRY,,,,,,,,,,,,,,,,,,,,,,,,,,
LEONARD,LEN,LENNY,,,,,,,,,,,,,,,,,,,,,,,,,,,
LETITIA,LETTICE,LETTIE,,,,,,,,,,,,,,,,,,,,,,,,,,,
LEWIS,LOUIS,LUDOVIC,LEW,LEWIE,LOU,LOUIE,,,,,,,,,,,,,,,,,,,,,,,
LILIAN,LILLY,LILY,,,,,,,,,,,,,,,,,,,,,,,,,,,
LLEWELYN,LLEWELLYN,LLYWELYN,,,,,,,,,,,,,,,,,,,,,,,,,,,
LORINDA,LAURINDA,,,,,,,,,,,,,,,,,,,,,,,,,,,,
LOUISA,LOUISE,LOU,LOUIE,,,,,,,,,,,,,,,,,,,,,,,,,,
LUCRETIA,LUCRECE,,,,,,,,,,,,,,,,,,,,,,,,,,,,
LUCY,LUCIA,LUCINDA,,,,,,,,,,,,,,,,,,,,,,,,,,,
LUKE,LUCAS,,,,,,,,,,,,,,,,,,,,,,,,,,,,
MABEL,AMABEL,,,,,,,,,,,,,,,,,,,,,,,,,,,,
MADELINE,MAUD,MAUDLIN,,,,,,,,,,,,,,,,,,,,,,,,,,,
MAGDALENE,LENA,MAUD,,,,,,,,,,,,,,,,,,,,,,,,,,,
MARGARET,MARGIE,MARGERY,MARJORY,MARJORIE,MADGE,MAG,MAGGIE,MEG,MEGGY,PEG,PEGGY,META,GRITTY,,,,,,,,,,,,,,,,
MARIANNE,MARIAN,MARYANN,,,,,,,,,,,,,,,,,,,,,,,,,,,
MARION,MAMIE,,,,,,,,,,,,,,,,,,,,,,,,,,,,
MARK,MARCUS,MARCIUS,MARCELLUS,,,,,,,,,,,,,,,,,,,,,,,,,,
MARTHA,MAT,MATTY,PAT,PATTY,,,,,,,,,,,,,,,,,,,,,,,,,
MARY,MIRIAM,MAY,MOLL,MOLLY,MAMIE,POL,POLLY,MINNIE,,,,,,,,,,,,,,,,,,,,,
MATILDA,MATHILDA,MAT,MATTIE,MATTY,MAUD,PAT,PATTY,TILDA,TILLIE,,,,,,,,,,,,,,,,,,,,
MATTHEW,MATTHIAS,MAT,MATT,,,,,,,,,,,,,,,,,,,,,,,,,,
MICHAEL,MIKE,MICKY,,,,,,,,,,,,,,,,,,,,,,,,,,,
MILLICENT,MILICENT,MELICENT,,,,,,,,,,,,,,,,,,,,,,,,,,,
MOSES,MOSE,MOSEY,,,,,,,,,,,,,,,,,,,,,,,,,,,
MYPHANWY,MIFFY,,,,,,,,,,,,,,,,,,,,,,,,,,,,
NANCY,NAN,NANCE,NINA,,,,,,,,,,,,,,,,,,,,,,,,,,
NATHAN,NATHANAEL,NATHANIEL,,,,,,,,,,,,,,,,,,,,,,,,,,,
NEIL,NEAL,,,,,,,,,,,,,,,,,,,,,,,,,,,,
NICHOLAS,NICOLAS,NIC,NICK,,,,,,,,,,,,,,,,,,,,,,,,,,
OCTAVIUS,OCTAVUS,TAVY,TAVE,,,,,,,,,,,,,,,,,,,,,,,,,,
OLIVER,OLLIE,OLLY,NOL,NOLLY,,,,,,,,,,,,,,,,,,,,,,,,,
OSMOND,OSMUND,,,,,,,,,,,,,,,,,,,,,,,,,,,,
OSWALD,OSWOLD,,,,,,,,,,,,,,,,,,,,,,,,,,,,
PATRICK,PATRICIUS,PAT,PADDY,,,,,,,,,,,,,,,,,,,,,,,,,,
PAUL,PAULUS,PAULINUS,,,,,,,,,,,,,,,,,,,,,,,,,,,
PAULA,PAULINA,PAULINE,,,,,,,,,,,,,,,,,,,,,,,,,,,
PENELOPE,PENNY,,,,,,,,,,,,,,,,,,,,,,,,,,,,
PETER,PETE,PETERKIN,,,,,,,,,,,,,,,,,,,,,,,,,,,
PHILIP,PHIL,PIP,,,,,,,,,,,,,,,,,,,,,,,,,,,
PHILIPPA,PIPPA,,,,,,,,,,,,,,,,,,,,,,,,,,,,
PHINEAS,PHINEHAS,,,,,,,,,,,,,,,,,,,,,,,,,,,,
PHOEBE,PHEBE,,,,,,,,,,,,,,,,,,,,,,,,,,,,
PHYLLIS,PHILLIS,PHYL,,,,,,,,,,,,,,,,,,,,,,,,,,,
PLINY,PLINIUS,,,,,,,,,,,,,,,,,,,,,,,,,,,,
PRUDENCE,PRUE,PRUDY,,,,,,,,,,,,,,,,,,,,,,,,,,,
QUINTIN,QUENTIN,,,,,,,,,,,,,,,,,,,,,,,,,,,,
RALPH,RODOLPH,RODOLPHUS,RUDOLPH,RUDOLPHUS,,,,,,,,,,,,,,,,,,,,,,,,,
RAYMOND,RAYMUND,RAY,,,,,,,,,,,,,,,,,,,,,,,,,,,
REBECCA,REBEKAH,BECK,BEX,BECKY,,,,,,,,,,,,,,,,,,,,,,,,,
REGINALD,REYNOLD,REG,,,,,,,,,,,,,,,,,,,,,,,,,,,
RICHARD,DICK,DICKIE,DICKY,DICKEN,DICKON,RICK,,,,,,,,,,,,,,,,,,,,,,,
ROBERT,RUPERT,BOB,BOBBY,DOB,DOBBIN,ROB,ROBBIE,ROBIN,,,,,,,,,,,,,,,,,,,,,
RODERICK,RODERIC,RICK,ROD,RODDIE,RODDY,,,,,,,,,,,,,,,,,,,,,,,,
ROGER,RODGE,HODGE,HODGEKIN,,,,,,,,,,,,,,,,,,,,,,,,,,
ROLAND,ROWLAND,,,,,,,,,,,,,,,,,,,,,,,,,,,,
ROSA,ROSABEL,ROSABELLA,ROSALIA,ROSALIE,ROSALIND,ROSIE,,,,,,,,,,,,,,,,,,,,,,,
ROXANA,ROXY,,,,,,,,,,,,,,,,,,,,,,,,,,,,
SAMSON,SAMPSON,,,,,,,,,,,,,,,,,,,,,,,,,,,,
SAMUEL,SAM,SAMMY,,,,,,,,,,,,,,,,,,,,,,,,,,,
SARAH,SARA,SAL,SALLY,,,,,,,,,,,,,,,,,,,,,,,,,,
SEBASTIAN,SEB,,,,,,,,,,,,,,,,,,,,,,,,,,,,
SERENO,SERENUS,,,,,,,,,,,,,,,,,,,,,,,,,,,,
SIBYL,SIBYLLA,,,,,,,,,,,,,,,,,,,,,,,,,,,,
SILAS,SILVANUS,,,,,,,,,,,,,,,,,,,,,,,,,,,,
SILVESTER,SYLVESTER,VESTER,VEST,,,,,,,,,,,,,,,,,,,,,,,,,,
SIMON,SIMEON,SIM,,,,,,,,,,,,,,,,,,,,,,,,,,,
SOPHIA,SOPHIE,SOPHY,,,,,,,,,,,,,,,,,,,,,,,,,,,
SOLOMON,SOL,,,,,,,,,,,,,,,,,,,,,,,,,,,,
STELLA,ESTELLE,,,,,,,,,,,,,,,,,,,,,,,,,,,,
STEPHEN,STEENIE,STEVE,STEVIE,,,,,,,,,,,,,,,,,,,,,,,,,,
SUSAN,SUSANNA,SUSANNAH,SUE,SUKE,SUKY,SUSIE,SUSY,,,,,,,,,,,,,,,,,,,,,,
THEODORA,DORA,,,,,,,,,,,,,,,,,,,,,,,,,,,,
THEODORIC,DERRICK,,,,,,,,,,,,,,,,,,,,,,,,,,,,
THERESA,TERRY,TRACIE,,,,,,,,,,,,,,,,,,,,,,,,,,,
THOMAS,TOM,TOMMY,TAM,TAMMIE,,,,,,,,,,,,,,,,,,,,,,,,,
TIMOTHY,TIM,,,,,,,,,,,,,,,,,,,,,,,,,,,,
TOBIAH,TOBIAS,TOBY,,,,,,,,,,,,,,,,,,,,,,,,,,,
TRISTRAM,TRISTAM,,,,,,,,,,,,,,,,,,,,,,,,,,,,
VICTOR,VIC,,,,,,,,,,,,,,,,,,,,,,,,,,,,
VICTORIA,VICKY,,,,,,,,,,,,,,,,,,,,,,,,,,,,
VINCENT,VINTY,,,,,,,,,,,,,,,,,,,,,,,,,,,,
WALTER,WAT,WATTY,,,,,,,,,,,,,,,,,,,,,,,,,,,
WILHELMENA,WILMETT,WILMOT,MINA,MINNIE,MINELLA,,,,,,,,,,,,,,,,,,,,,,,,
WILLIAM,WILL,WILLIE,WILLY,BILL,BILLIE,BILLY,,,,,,,,,,,,,,,,,,,,,,,
WINIFRED,WINFRED,WINNIE,,,,,,,,,,,,,,,,,,,,,,,,,,,
ZACHARIAH,ZECHARIAH,ZACH,ZACKY,ZAK,,,,,,,,,,,,,,,,,,,,,,,,,
ZEBADIAH,ZEBEDEE,,,,,,,,,,,,,,,,,,,,,,,,,,,,
,,,,,,,,,,,,,,,,,,,,,,,,,,,,,
,,,,,,,,,,,,,,,,,,,,,,,,,,,,,
,,,,,,,,,,,,,,,,,,,,,,,,,,,,,
,,,,,,,,,,,,,,,,,,,,,,,,,,,,,
,,,,,,,,,,,,,,,,,,,,,,,,,,,,,
NAME,NICK,NAME,-,Masc.,Fem.,,,,,,,,,,,,,,,,,,,,,,,,
Aaron,Ron,,,,,,,,,,,,,,,,,,,,,,,,,,,,
Abel,Abe,,,,,,,,,,,,,,,,,,,,,,,,,,,,
Abednego,Bedney,,,,,,,,,,,,,,,,,,,,,,,,,,,,
Abijah,Ab,,Bige,,,,,,,,,,,,,,,,,,,,,,,,,,
Abigail,Ab,Abbie(y),,Gail,,Nabby,,,,,,,,,,,,,,,,,,,,,,,
Abner,Ab,,Abbie,,,,,,,,,,,,,,,,,,,,,,,,,,
Abraham,Abe,,Abram,,Bram,,,,,,,,,,,,,,,,,,,,,,,,
Absalom,Ab,,Abbie,,App,,,,,,,,,,,,,,,,,,,,,,,,
Adaline,Ada,,Adela,,Aline,,Edith,,,,,,,,,,,,,,,,,,,,,,
Adam,Ade,,Edie,,,,,,,,,,,,,,,,,,,,,,,,,,
Addy,names,starting,with,Ad,,,,,,,,,,,,,,,,,,,,,,,,,
Adelaide,Ada,Addie,Adela,,Adeline,,Della,,Heide,,,,,,,,,,,,,,,,,,,,
Adela,Della,,,,,,,,,,,,,,,,,,,,,,,,,,,,
Adelaide,Addie,,,,,,,,,,,,,,,,,,,,,,,,,,,,
Adelbert,Albert,,Del,,Delbert,,Bert,,,,,,,,,,,,,,,,,,,,,,
Adeline,Addie,,Linney,,,,,,,,,,,,,,,,,,,,,,,,,,
Adolphus,Ado,,Adolph,Dolph,,,,,,,,,,,,,,,,,,,,,,,,,
Adrian,Rian,,,,,,,,,,,,,,,,,,,,,,,,,,,,
Adrienne,(m)Adrian,,,,,,,,,,,,,,,,,,,,,,,,,,,,
Agatha,Addy,,Ag,,Aggie,,Agnes,,,,,,,,,,,,,,,,,,,,,,
Aggy,names,starting,Ag,,,,,,,,,,,,,,,,,,,,,,,,,,
Agnes,Aggy,,Ann,,Nancy,,Nessie,,,,,,,,,,,,,,,,,,,,,,
Aileen,Helen,,,,,,,,,,,,,,,,,,,,,,,,,,,,
Alanson,Al,,Lanson,,,,,,,,,,,,,,,,,,,,,,,,,,
Alastair,Al,,,,,,,,,,,,,,,,,,,,,,,,,,,,
Alazama,Ali,,,,,,,,,,,,,,,,,,,,,,,,,,,,
Albert,Al,,Bert,,Bird,-,(f)Alberta,,,,,,,,,,,,,,,,,,,,,,
Alberta,Abertina,Albertine,Allie,Bert,Bertie,-,(m),Albert,,,,,,,,,,,,,,,,,,,,,
Aleva,Leve,,Levy,,,,,,,,,,,,,,,,,,,,,,,,,,
Alexander,Ala,,Alec,,Alex,,Andi,,Ec,,Lex,,Sandy,Xandra,-,(f),Alexis,,Sandra,,,,,,,,,,
Alexandra,Lexa,,Xan,,,,,,,,,,,,,,,,,,,,,,,,,,
Alexandria,Alla,,Drina,,Sandra,-,(m),Alexander,,,,,,,,,,,,,,,,,,,,,
Alexandria,Alla,,Ellie,,Elic,,,,,,,,,,,,,,,,,,,,,,,,
Alexis,Lexi,,,,,,,,,,,,,,,,,,,,,,,,,,,,
Alfred,Al,,Alf,,Alfie,,Fred,-,(f),Alfreda,,,,,,,,,,,,,,,,,,,
Alfreda,Alfy,,Frieda,-,(m),Alfred,,,,,,,,,,,,,,,,,,,,,,,
Algernon,Algy,,,,,,,,,,,,,,,,,,,,,,,,,,,,
Alicia,Ally,,,,,,,,,,,,,,,,,,,,,,,,,,,,
Alice,Alcy,,Alicia,,Allie,,Elsie,,Lisa,,,,,,,,,,,,,,,,,,,,
Aline,Adeline,,,,,,,,,,,,,,,,,,,,,,,,,,,,
Alison,Ali,,,,,,,,,,,,,,,,,,,,,,,,,,,,
Almena,Allie,,Mena,,,,,,,,,,,,,,,,,,,,,,,,,,
Almina,Minnie,,,,,,,,,,,,,,,,,,,,,,,,,,,,
Alonzo,Al,,Alphonzo,,Lon,,Lonnie,,Lonzo,,,,,,,,,,,,,,,,,,,,
Alphinias,Alphus,,,,,,,,,,,,,,,,,,,,,,,,,,,,
Almira,Myra,,,,,,,,,,,,,,,,,,,,,,,,,,,,
AlvertaVert,,Virdie,,,,,,,,,,,,,,,,,,,,,,,,,,,
Alyssa,Al,,Ally,,Lissia,,,,,,,,,,,,,,,,,,,,,,,,
Alzada,Zada,,,,,,,,,,,,,,,,,,,,,,,,,,,,
Amanda,Amy,,Manda,,Mandana,,Mandy,,,,,,,,,,,,,,,,,,,,,,
Ambrose,Brose,,,,,,,,,,,,,,,,,,,,,,,,,,,,
Amelia,Amy,,Emily,,Mel,,Melia,,Millie,,,,,,,,,,,,,,,,,,,,
America,Mec,,,,,,,,,,,,,,,,,,,,,,,,,,,,
Amos,Moses,,,,,,,,,,,,,,,,,,,,,,,,,,,,
Anastasia,Ana,,Stacy,,,,,,,,,,,,,,,,,,,,,,,,,,
Andrea,-,(m),Andrew,Drea,,Rea,,,,,,,,,,,,,,,,,,,,,,,
Andrew,Andy,,Ansey,,Drew,-,(f)Andrea,,,,,,,,,,,,,,,,,,,,,,
Angela,Angel,,Angelica,,Angelina,,Angeline,,Angie,,Jane,,,,,,,,,,,,,,,,,,
Angelina,Lina,,,,,,,,,,,,,,,,,,,,,,,,,,,,
Ann,Anna,Anne,Annie,Hannah,,Nan,,Nanny,,Nancy,,Nana,,Susanna,,,,,,,,,,,,,,,
Annette,Anna,,Nettie,,,,,,,,,,,,,,,,,,,,,,,,,,
Anselm,Anse,,Ance,,Ansel,-,(f),Selma,,,,,,,,,,,,,,,,,,,,,
Anthony,Tony,-,(f),Antoinette,,Antonia,,,,,,,,,,,,,,,,,,,,,,,
Antoinette,Antonia,,Net,,Nettie,,Tonie,,,,,,,,,,,,,,,,,,,,,,
Antonia,Nettie,-,(m),Antone,,Anthony,,,,,,,,,,,,,,,,,,,,,,,
Appoline,Appie,Appy,,,,,,,,,,,,,,,,,,,,,,,,,,,
Aquilla,Quil,,Quillie,,,,,,,,,,,,,,,,,,,,,,,,,,
Arabella,Ara,,Bella,,Belle,,,,,,,,,,,,,,,,,,,,,,,,
Araminta,Armida,Middie,,Minty,,Ruminta,,,,,,,,,,,,,,,,,,,,,,,
Archibald,Archie,,Baldie,,,,,,,,,,,,,,,,,,,,,,,,,,
Ariadne,Arie,,,,,,,,,,,,,,,,,,,,,,,,,,,,
Arielle,Arie,,,,,,,,,,,,,,,,,,,,,,,,,,,,
Archilles,Kill,,Killis,,,,,,,,,,,,,,,,,,,,,,,,,,
Aristotle,Telly,,,,,,,,,,,,,,,,,,,,,,,,,,,,
Arizona,Ona,Onie,,,,,,,,,,,,,,,,,,,,,,,,,,,
Arlene,Lena,,,,,,,,,,,,,,,,,,,,,,,,,,,,
Armanda,Mandy,,,,,,,,,,,,,,,,,,,,,,,,,,,,
Armilda,Milly,,,,,,,,,,,,,,,,,,,,,,,,,,,,
Arminda,Mindie,,,,,,,,,,,,,,,,,,,,,,,,,,,,
Arminta,Minite,,Minnie,,,,,,,,,,,,,,,,,,,,,,,,,,
Arnold,Arnie,,,,,,,,,,,,,,,,,,,,,,,,,,,,
Artelepsa,Epsey,,,,,,,,,,,,,,,,,,,,,,,,,,,,
Artemus,Art,,,,,,,,,,,,,,,,,,,,,,,,,,,,
Arthur,Art,,,,,,,,,,,,,,,,,,,,,,,,,,,,
Arthusa,Thursa,,,,,,,,,,,,,,,,,,,,,,,,,,,,
Arzada,Zaddi,,,,,,,,,,,,,,,,,,,,,,,,,,,,
Asenath,Assene,,Nathey?,Sene,,,,,,,,,,,,,,,,,,,,,,,,,
Aubrey,Bree,,,,,,,,,,,,,,,,,,,,,,,,,,,,
Audrey,Dee,,,,,,,,,,,,,,,,,,,,,,,,,,,,
Augusta,Augustina,Aggy,,Augie,,Gus(s)ie,,Ina,,Tina,-,(m),Augustus,,,,,,,,,,,,,,,,
Augustine,Augustus,Gus,,Gustus,-,(f),Augusta,,Gustie,,,,,,,,,,,,,,,,,,,,
Aurelia,Aurilla,Orilla,Ora,,Ree,,Rilly,,,,,,,,,,,,,,,,,,,,,,
Avarilla,Rilla,,,,,,,,,,,,,,,,,,,,,,,,,,,,
Barbara,Babs,,Barb,Barbie,(y),,Bobbie,,Bonnie,,,,,,,,,,,,,,,,,,,,
Barbery,Barbara,,,,,,,,,,,,,,,,,,,,,,,,,,,,
Barnabas,Barney,,,,,,,,,,,,,,,,,,,,,,,,,,,,
Barnard,Bernard,Barney,,Bernie,,,,,,,,,,,,,,,,,,,,,,,,,
Bartholomew,Bart,,Bartel,,Barth,,Bat,,,,,,,,,,,,,,,,,,,,,,
Barticus,Bart,,,,,,,,,,,,,,,,,,,,,,,,,,,,
Bazaleel,Basil,,,,,,,,,,,,,,,,,,,,,,,,,,,,
Beatrice,Bea,,Trisha,,Trissy,,Trixie,,,,,,,,,,,,,,,,,,,,,,
Bedelia,Delia,,Bridgit,,,,,,,,,,,,,,,,,,,,,,,,,,
Belinda,Bell,,Belle,,Linda,,,,,,,,,,,,,,,,,,,,,,,,
Benedict,Bennett,,,,,,,,,,,,,,,,,,,,,,,,,,,,
Bengta,Bengtha,Ben,,,,,,,,,,,,,,,,,,,,,,,,,,,
Benjamin,Ben,,Benjie,,Bennie,,Jamie,,,,,,,,,,,,,,,,,,,,,,
Bertram,Bert,,,,,,,,,,,,,,,,,,,,,,,,,,,,
Bertha,Bertie,,,,,,,,,,,,,,,,,,,,,,,,,,,,
Bethena,Beth,,Thaney,,,,,,,,,,,,,,,,,,,,,,,,,,
Beverly,Bev,,,,,,,,,,,,,,,,,,,,,,,,,,,,
Bezaleel,Zeely,,,,,,,,,,,,,,,,,,,,,,,,,,,,
Blanche,Bea,,,,,,,,,,,,,,,,,,,,,,,,,,,,
Boetius,Bo,,,,,,,,,,,,,,,,,,,,,,,,,,,,
Brenda,Brandy,,,,,,,,,,,,,,,,,,,,,,,,,,,,
Bridget,Biddy,,Bridie,,Brie,,Delia,,,,,,,,,,,,,,,,,,,,,,
Brian,Bryan,,Bryant,,,,,,,,,,,,,,,,,,,,,,,,,,
Brittany,Britt,,,,,,,,,,,,,,,,,,,,,,,,,,,,
Caldonia,Callie,Dona,,,,,,,,,,,,,,,,,,,,,,,,,,,
Caleb,Cal,,,,,,,,,,,,,,,,,,,,,,,,,,,,
California,Callie,,,,,,,,,,,,,,,,,,,,,,,,,,,,
Calista,Kissy,,,,,,,,,,,,,,,,,,,,,,,,,,,,
Calpurnia,Cally,,,,,,,,,,,,,,,,,,,,,,,,,,,,
Calvin,Cal,,,,,,,,,,,,,,,,,,,,,,,,,,,,
Cameron,Cam,,,,,,,,,,,,,,,,,,,,,,,,,,,,
Camille,Cammy,,Millie,,,,,,,,,,,,,,,,,,,,,,,,,,
Campbell,Cam,,,,,,,,,,,,,,,,,,,,,,,,,,,,
Candace,Candy,,Dacey,,,,,,,,,,,,,,,,,,,,,,,,,,
Carl,Charles,,Karl,,,,,,,,,,,,,,,,,,,,,,,,,,
Carlotta,Lottie,,,,,,,,,,,,,,,,,,,,,,,,,,,,
Carmon,Carm,,Cammie,,Charm,,,,,,,,,,,,,,,,,,,,,,,,
Carmellia,Mellia,,,,,,,,,,,,,,,,,,,,,,,,,,,,
Caroline,Caddie,,Carol,,Carrie,,Cassie,,Lena,,Lynn,-,(m),Charles,,,,,,,,,,,,,,,
Carolyn,See,Caroline,,,,,,,,,,,,,,,,,,,,,,,,,,,
Carthaette,Etta,,Etty,,,,,,,,,,,,,,,,,,,,,,,,,,
Casper,Jasper,,,,,,,,,,,,,,,,,,,,,,,,,,,,
Cassandra,Cass,,Cassie(ey),,Sandi,,Sandra,,,,,,,,,,,,,,,,,,,,,,
Caswell,Cass,,,,,,,,,,,,,,,,,,,,,,,,,,,,
Catherine,Cathy,,Karen,,Katharine,,Katie,,Kathleen,,Kay,,Kit,,Kittie,,Rhynie,Rina(e),Trina,,,,,,,,,,
Cathleen,See,Catherine,,,,,,,,,,,,,,,,,,,,,,,,,,,
Cecilia,Celia,,Cissy,-,(m),Cecil,,,,,,,,,,,,,,,,,,,,,,,
Celeste,Celia,,Lessie,,,,,,,,,,,,,,,,,,,,,,,,,,
Celinda,Linda,,Lindy,,Lynn,,,,,,,,,,,,,,,,,,,,,,,,
Charity,Chat,,,,,,,,,,,,,,,,,,,,,,,,,,,,
Charles,Buck,,Carl,,Chad,,Charlie,,Chick,,Chuck,-,(f)Caroline,Charlotte,,,,,,,,,,,,,,,
Charlotte,Car,,Carlotta,,Letty,,Lotta,,Lottie,-,(m),Charles,,,,,,,,,,,,,,,,,
Chauncey,Chance,,,,,,,,,,,,,,,,,,,,,,,,,,,,
Chesley,Chet,,,,,,,,,,,,,,,,,,,,,,,,,,,,
Chester,Chet,,,,,,,,,,,,,,,,,,,,,,,,,,,,
Chloe,Clo,,,,,,,,,,,,,,,,,,,,,,,,,,,,
Christian,Chris,Christopher,Kit,,,,,,,,,,,,,,,,,,,,,,,,,,
Christine,Christiana,Chris,Crissy,Christy,,Ina,,Tina,,Xina,,,,,,,,,,,,,,,,,,,
Christopher,Chris,,Christian,,Kester,,Kit,,,,,,,,,,,,,,,,,,,,,,
Cicely,Cilla,,,,,,,,,,,,,,,,,,,,,,,,,,,,
Cinderella,Arilla,,Cindy,,Rilla,,Rella,,,,,,,,,,,,,,,,,,,,,,
Clara,Claire,,Clarice,,Clarissa,,,,,,,,,,,,,,,,,,,,,,,,
Clarence,Clay,,,,,,,,,,,,,,,,,,,,,,,,,,,,
Clarinda,Clara,-,(m),Clarence,,Renee,,,,,,,,,,,,,,,,,,,,,,,
Clarissa,Clara,,Clare,,Cissy,,,,,,,,,,,,,,,,,,,,,,,,
Claudia,-,(m),Claud,,,,,,,,,,,,,,,,,,,,,,,,,,
Cleatus,Cleat,,,,,,,,,,,,,,,,,,,,,,,,,,,,
Clementine,Clem,-,(m)Clement,,,,,,,,,,,,,,,,,,,,,,,,,,
Clifford,Cliff,,Ford,,,,,,,,,,,,,,,,,,,,,,,,,,
Clifton,Cliff,,,,,,,,,,,,,,,,,,,,,,,,,,,,
Cole,Colie,,,,,,,,,,,,,,,,,,,,,,,,,,,,
Columbus,Lum,,,,,,,,,,,,,,,,,,,,,,,,,,,,
Constance,Connie,-,(m),Constant,,,,,,,,,,,,,,,,,,,,,,,,,
Cordelia,Cordy,,Delia,,,,,,,,,,,,,,,,,,,,,,,,,,
Cory,Corey,CoCo,,Cordy,,Ree,,,,,,,,,,,,,,,,,,,,,,,
Corinne,Cora,,Ora,,,,,,,,,,,,,,,,,,,,,,,,,,
Cornelia,Conny,,Corny,,Neely,,Nelle,Nelly,,-,(m)Cornelius,,,,,,,,,,,,,,,,,,
Cornelius,Neil,Neely,-,(f),Cornelia,,,,,,,,,,,,,,,,,,,,,,,,
Courtney,Corky,,Court,,Curt,,,,,,,,,,,,,,,,,,,,,,,,
Crystal,Chris,etc.,,,,,,,,,,,,,,,,,,,,,,,,,,,
Cynthia,Cindy,,Sina,,,,,,,,,,,,,,,,,,,,,,,,,,
Cyrus,Cy,,,,,,,,,,,,,,,,,,,,,,,,,,,,
Daisy,Margaret,,,,,,,,,,,,,,,,,,,,,,,,,,,,
Daniel,Dan,,Danny,,Dank,,,,,,,,,,,,,,,,,,,,,,,,
Danielle,Dani,,Ellie,,etc.,,,,,,,,,,,,,,,,,,,,,,,,
Daphne,Daph,Daphie,,,,,,,,,,,,,,,,,,,,,,,,,,,
David,Davy,-,(f),Vida,,,,,,,,,,,,,,,,,,,,,,,,,
Deanne,Ann,,Dee,,,,,,,,,,,,,,,,,,,,,,,,,,
Deborah,Deb,,Debi,,Debbie,,Debby,,,,,,,,,,,,,,,,,,,,,,
Delbert,Bert,,Del,,,,,,,,,,,,,,,,,,,,,,,,,,
Deidre,Deedee,,,,,,,,,,,,,,,,,,,,,,,,,,,,
Delia,Cordelia,,Fidelia,-,(m),Delius,,,,,,,,,,,,,,,,,,,,,,,
Delilah,Dell,,Della,,Lil,,Lila,,,,,,,,,,,,,,,,,,,,,,
Dell,Della,Adela,,Adelaide,,Delilah,,,,,,,,,,,,,,,,,,,,,,,
Delores,Dee,,Dodie,Dodie,,Lola,,,,,,,,,,,,,,,,,,,,,,,
Delpha,Philadelphia,,,,,,,,,,,,,,,,,,,,,,,,,,,,
Delphine,Del,,Delf,,Delphi,,,,,,,,,,,,,,,,,,,,,,,,
Demaris,Demerias,(f),Dea,,Maris,,Mary,,,,,,,,,,,,,,,,,,,,,,
Democrates,Mock,,,,,,,,,,,,,,,,,,,,,,,,,,,,
Denise,-,(m),Dennis,,,,,,,,,,,,,,,,,,,,,,,,,,
Deuteronomy,Duty,,,,,,,,,,,,,,,,,,,,,,,,,,,,
Diane,Diana,Di,,Dicey,,Didi,,,,,,,,,,,,,,,,,,,,,,,
Dickson,Dick,,,,,,,,,,,,,,,,,,,,,,,,,,,,
,,,,,,,,,,,,,,,,,,,,,,,,,,,,,
Dominic,Dom,,Nick(y),,,,,,,,,,,,,,,,,,,,,,,,,,
Dorinda,Dora,,Dorothea,,,,,,,,,,,,,,,,,,,,,,,,,,
Doris,Dora,,,,,,,,,,,,,,,,,,,,,,,,,,,,
Dorothea,Doda,,Dora,,,,,,,,,,,,,,,,,,,,,,,,,,
Dorothy,Dee,,Dolly,,Dorothea,,Dot,,Dotha,Dotty,,,,,,,,,,,,,,,,,,,
Douglas,Doug,,,,,,,,,,,,,,,,,,,,,,,,,,,,
Drusilla,Silla,,,,,,,,,,,,,,,,,,,,,,,,,,,,
Duncan,Dunk,,,,,,,,,,,,,,,,,,,,,,,,,,,,
Ebenezer,Eb,,Eben,,Eber,,,,,,,,,,,,,,,,,,,,,,,,
Ed,names,starting,Ed,,,,,,,,,,,,,,,,,,,,,,,,,,
Edith,Dicey,,Edie,,,,,,,,,,,,,,,,,,,,,,,,,,
Edmund,Ed,,Ned,,Ted,,,,,,,,,,,,,,,,,,,,,,,,
Edna,Edny,,,,,,,,,,,,,,,,,,,,,,,,,,,,
Edward,Ed,,Ned,,Ted,,,,,,,,,,,,,,,,,,,,,,,,
Edwina,-,(m),Edwin,,,,,,,,,,,,,,,,,,,,,,,,,,
Egbert,Bert,,Burt,,,,,,,,,,,,,,,,,,,,,,,,,,
Eighta,Athy,,,,,,,,,,,,,,,,,,,,,,,,,,,,
Eileen,Helen,,,,,,,,,,,,,,,,,,,,,,,,,,,,
Elaine,-,Helen,,Lainie,,,,,,,,,,,,,,,,,,,,,,,,,
Elbert,Albert,,,,,,,,,,,,,,,,,,,,,,,,,,,,
Elbertson,Elbert,,Bert,,,,,,,,,,,,,,,,,,,,,,,,,,
Eleanor,Elaine,Ella,Ellen,Helen,Lanna,,Leonora,Nell,Nellie,Nora,,,,,,,,,,,,,,,,,,,
Elena,Helen,,,,,,,,,,,,,,,,,,,,,,,,,,,,
Elias,Eli,,,,,,,,,,,,,,,,,,,,,,,,,,,,
Elijah,Eli,,Lige,,,,,,,,,,,,,,,,,,,,,,,,,,
Eliphalel,Life,,,,,,,,,,,,,,,,,,,,,,,,,,,,
Elisa,Lisa,,,,,,,,,,,,,,,,,,,,,,,,,,,,
Elisha,Eli,,Ellis,,Lish,,,,,,,,,,,,,,,,,,,,,,,,
Eliza,#REF!,,,,,,,,,,,,,,,,,,,,,,,,,,,,
Elizabeth,Bess,(ie),,Beth,,Bethia,,Betsy,,Bette(y),,Dicey,Elis,,Elsie,,Ibby,,Libby,,Liz,,Liza,,Lizabeth,,Lizzie,,Tess
Ella,Ellie,Eleanor,Gabriella,Helen,Luella,,,,,,,,,,,,,,,,,,,,,,,,
Ellen,Helen,,Nell,,Nellie,,,,,,,,,,,,,,,,,,,,,,,,
Ellender,Ellen,Helen,,Nellie,,,,,,,,,,,,,,,,,,,,,,,,,
Elminie,Minnie,,,,,,,,,,,,,,,,,,,,,,,,,,,,
Elmira,Mira,,,,,,,,,,,,,,,,,,,,,,,,,,,,
Elnora,Nora,,,,,,,,,,,,,,,,,,,,,,,,,,,,
Eloise,Heloise,,Louise,,,,,,,,,,,,,,,,,,,,,,,,,,
Elsie,Alice,,Elizabeth,,,,,,,,,,,,,,,,,,,,,,,,,,
Elwood,Ells,,Elly,,,,,,,,,,,,,,,,,,,,,,,,,,
Elvira,Elvie,,,,,,,,,,,,,,,,,,,,,,,,,,,,
Elysia,Lisa,,,,,,,,,,,,,,,,,,,,,,,,,,,,
Emanuel,Manny,,Manuel,,,,,,,,,,,,,,,,,,,,,,,,,,
Emeline,Emmer,,Emily,,Emmy,,Lina,,Millie,,,,,,,,,,,,,,,,,,,,
Emil,-,(f),Emily,,,,,,,,,,,,,,,,,,,,,,,,,,
Emily,Emma,,Emmie,,Erma,,,,,,,,,,,,,,,,,,,,,,,,
Ephraim,Eph,,,,,,,,,,,,,,,,,,,,,,,,,,,,
Erasmus,Rasmus,,Raze,,,,,,,,,,,,,,,,,,,,,,,,,,
Eric,Rick,,Ricky,-,(f),Erica,,,,,,,,,,,,,,,,,,,,,,,
Ernest,Earnest,Ernie,(f),Ernestine,,,,,,,,,,,,,,,,,,,,,,,,,
Ernestine,Erna,,Tina,,Teeny,-,(m),Ernest,,,,,,,,,,,,,,,,,,,,,
Erwin,Irwin,,,,,,,,,,,,,,,,,,,,,,,,,,,,
Essy,names,starting,with,Es,,,,,,,,,,,,,,,,,,,,,,,,,
Eseneth,Senie,,,,,,,,,,,,,,,,,,,,,,,,,,,,
Estella,Essy,,Stella,,,,,,,,,,,,,,,,,,,,,,,,,,
Esther,Essie,,Hester,,,,,,,,,,,,,,,,,,,,,,,,,,
Eudicy,Dicey,,,,,,,,,,,,,,,,,,,,,,,,,,,,
Eudora,Dora,,,,,,,,,,,,,,,,,,,,,,,,,,,,
Eudoris,Dosie,Dossie,,,,,,,,,,,,,,,,,,,,,,,,,,,
Eugene,Gene,-,(f),Eugenia,,Euy,,Gene,Genie,,Jenny,,,,,,,,,,,,,,,,,,
Eunice,Unice,Nicie,,,,,,,,,,,,,,,,,,,,,,,,,,,
Euphemia,Effie,(y),,,,,,,,,,,,,,,,,,,,,,,,,,,
Eurydice,Dicey,,,,,,,,,,,,,,,,,,,,,,,,,,,,
Eustacia,Stacia,,Stacy,,,,,,,,,,,,,,,,,,,,,,,,,,
Evangeline,Evan,,Ev,Vangie,,,,,,,,,,,,,,,,,,,,,,,,,
Evelyn,Ev,,Eve,-,(f),Evelina,Evelyn,,,,,,,,,,,,,,,,,,,,,,
Ezekiel,Ez,,Zeke,,,,,,,,,,,,,,,,,,,,,,,,,,
ExperienceExie,,,,,,,,,,,,,,,,,,,,,,,,,,,,,
Faith,Fay,,,,,,,,,,,,,,,,,,,,,,,,,,,,
Fidelia,Delia,-,(m),Delius,,,,,,,,,,,,,,,,,,,,,,,,,
Felicia,-,Fel,,Feli,,(m),Felix,,,,,,,,,,,,,,,,,,,,,,
Felicity,Flick,,Tick,,,,,,,,,,,,,,,,,,,,,,,,,,
Ferdinand,(do),Ferdie,,Fred,,,,,,,,,,,,,,,,,,,,,,,,,
Field,names,ending,with,field,,,,,,,,,,,,,,,,,,,,,,,,,
Florence,Flo,,Flora,,Florrie,,Floss,,Flossie,,,,,,,,,,,,,,,,,,,,
Floyd,Lloyd,,,,,,,,,,,,,,,,,,,,,,,,,,,,
Frances,Fan,,Fanny,,Fran,(ie),,France,,Frankie,,Franz,,Sis,-,(m),Francis,,,,,,,,,,,,
Francis,Frank,-,(f),Frances,,,,,,,,,,,,,,,,,,,,,,,,,
Franklin,Frank,,,,,,,,,,,,,,,,,,,,,,,,,,,,
Frederick,Derick,,Fred,,Fredric,,Freddie,,Frish,,Fritz,-,(f)Frederica,,Rick,,,,,,,,,,,,,,
Frederica,-,(m),Frederick,,,,,,,,,,,,,,,,,,,,,,,,,,
Gabriel,Gabe,,Gabby,-,(f),Garbrielle,,,,,,,,,,,,,,,,,,,,,,,
Gabrielle,Ella,,Gabbie,-,(m),Gabriel,,,,,,,,,,,,,,,,,,,,,,,
Genevieve,Gency,Jinsey,,Jenny,,,,,,,,,,,,,,,,,,,,,,,,,
Geoffrey,Jeff,,Jeffrey,,,,,,,,,,,,,,,,,,,,,,,,,,
George,Jorge,-,(f),Georgiana,,,,,,,,,,,,,,,,,,,,,,,,,
Georgia,Georgiana,-,(m)George,,,,,,,,,,,,,,,,,,,,,,,,,,
Gerald,Jerry,-,(f),Geraldine,,(m),Gerry,,,,,,,,,,,,,,,,,,,,,,
Geraldine,Dina,,Gerri(e),,Jerry,,Deannie,-,(m),Gerald,,,,,,,,,,,,,,,,,,,
Gerhardt,Gay,,,,,,,,,,,,,,,,,,,,,,,,,,,,
Gertrude,Gatty,,Gertie,,Trudy,,,,,,,,,,,,,,,,,,,,,,,,
Gilbert,Bert,,Bertie,,Gib,,Gil,,Wilber,,,,,,,,,,,,,,,,,,,,
Gloria,Glory,,,,,,,,,,,,,,,,,,,,,,,,,,,,
Governor,Govie,,,,,,,,,,,,,,,,,,,,,,,,,,,,
Greenberry,Berry,,Green,,,,,,,,,,,,,,,,,,,,,,,,,,
Gretchen,Margaret,,,,,,,,,,,,,,,,,,,,,,,,,,,,
Gregory,Greg,,,,,,,,,,,,,,,,,,,,,,,,,,,,
Griselda,Grissel,,,,,,,,,,,,,,,,,,,,,,,,,,,,
Gustavus,Gus,,,,,,,,,,,,,,,,,,,,,,,,,,,,
Gwendolyn,Genny,Gwen,,Wendy,,,,,,,,,,,,,,,,,,,,,,,,,
Hamilton,Ham,,,,,,,,,,,,,,,,,,,,,,,,,,,,
Hannah,Anna,,Hattie,Nan,,Nanny,,Susannah,,,,,,,,,,,,,,,,,,,,,
Heather,Hetty,,,,,,,,,,,,,,,,,,,,,,,,,,,,
Herman,Harman,(Dutch),,,,,,,,,,,,,,,,,,,,,,,,,,,
Harold,Hal,,Harry,,,,,,,,,,,,,,,,,,,,,,,,,,
Harriet,Hatty(ie),-,(m),Harry,,,,,,,,,,,,,,,,,,,,,,,,,
Harry,Harold,,Henry,,,,,,,,,,,,,,,,,,,,,,,,,,
Haseltine,Hassie,,,,,,,,,,,,,,,,,,,,,,,,,,,,
Helen(a),Aileen,Eileen,,Elaine,Eleanor,,Ellen,Lena,Nell,Nellie,,,,,,,,,,,,,,,,,,,
Heloise,Eloise,,Lois,,,,,,,,,,,,,,,,,,,,,,,,,,
Henrietta,Etta,,Hank,,Hetty,,Nettie,,Retta,-,(m),Henry,,,,,,,,,,,,,,,,,
Henry,Hal,,Hank,,Harry,,Hen,,Hence,,,,,,,,,,,,,,,,,,,,
Hepsabah,Hepsabeth,Hepsabel,Hepsy,,,,,,,,,,,,,,,,,,,,,,,,,,
Herbert,Bert,,Herb,,,,,,,,,,,,,,,,,,,,,,,,,,
Hester,Esther,Hessy,,Hetty,,,,,,,,,,,,,,,,,,,,,,,,,
Hezekiah,Hez,,Ki,,Ky,,,,,,,,,,,,,,,,,,,,,,,,
Honora,Honey,,Nora,,Norah,,Norry,,,,,,,,,,,,,,,,,,,,,,
Horace,Harry,,Horatio,,,,,,,,,,,,,,,,,,,,,,,,,,
Hortense,Harty,,Tensey,,,,,,,,,,,,,,,,,,,,,,,,,,
Hosea,Hosey,,Hosie,,,,,,,,,,,,,,,,,,,,,,,,,,
Howard,Hal,,Howie,,,,,,,,,,,,,,,,,,,,,,,,,,
Hubert,Hugh,Hugo,,Bert,,,,,,,,,,,,,,,,,,,,,,,,,
Ian,John,,,,,,,,,,,,,,,,,,,,,,,,,,,,
Ignatius,Ignatzio,Iggy,,Nace,,Naz,,,,,,,,,,,,,,,,,,,,,,,
Immanuel,Emmanuel,,Manuel,,,,,,,,,,,,,,,,,,,,,,,,,,
India,Indie,,Indy,,,,,,,,,,,,,,,,,,,,,,,,,,
Inez,Agnes,,,,,,,,,,,,,,,,,,,,,,,,,,,,
Iona,Onnie,,,,,,,,,,,,,,,,,,,,,,,,,,,,
Irene,Rena,,Rennie,,,,,,,,,,,,,,,,,,,,,,,,,,
Irvin,Irving,,,,,,,,,,,,,,,,,,,,,,,,,,,,
Irwin,Erwin,,,,,,,,,,,,,,,,,,,,,,,,,,,,
Isaac,Ike,,Zeke,,,,,,,,,,,,,,,,,,,,,,,,,,
Isabelle(a),Bella,,Belle,,Cybilla,,Elizabeth,,Ib,,Issy,,Nib,,Sabe,,Sabra,,Sibella,,Tibbie,,,,,,,,
Isadora,Dora,,Issy,-,(m),Isidore,,,,,,,,,,,,,,,,,,,,,,,
Isaiah,Zadie,,Zay,,,,,,,,,,,,,,,,,,,,,,,,,,
Isidore,Izzy,-,(f),Isadora,,,,,,,,,,,,,,,,,,,,,,,,,
Issy,names,starting,with,Is,,,,,,,,,,,,,,,,,,,,,,,,,
Iva,Ivy,,,,,,,,,,,,,,,,,,,,,,,,,,,,
Ivan,John,,,,,,,,,,,,,,,,,,,,,,,,,,,,
Jacob,Jake,,,,,,,,,,,,,,,,,,,,,,,,,,,,
Jacqueline,Jackie,-,(m),Jack,,,,,,,,,,,,,,,,,,,,,,,,,
Jackson,Jack,,,,,,,,,,,,,,,,,,,,,,,,,,,,
Jahoda,Hoda,,Hodie,,Hody,,,,,,,,,,,,,,,,,,,,,,,,
James,Jamie,,Jim,,,,,,,,,,,,,,,,,,,,,,,,,,
Jane,Janet,,Janie,,Jessie,,Jenny,,Jinsey,,Joan,,Joanna,,Virginia,,,,,,,,,,,,,,
Jannett,Nettie,,,,,,,,,,,,,,,,,,,,,,,,,,,,
Jasper,Casper,,Jap,,,,,,,,,,,,,,,,,,,,,,,,,,
Jayme,Jay,,,,,,,,,,,,,,,,,,,,,,,,,,,,
Jean,Jennie,,Joanna,,,,,,,,,,,,,,,,,,,,,,,,,,
Jeanette,Jeanne,,Nettie,,,,,,,,,,,,,,,,,,,,,,,,,,
Jedediah,Diah,,Dyer,,Jed,,,,,,,,,,,,,,,,,,,,,,,,
Jeffrey,Geoffrey,,Jeff,,,,,,,,,,,,,,,,,,,,,,,,,,
Jehu,Gee,,Hugh,,,,,,,,,,,,,,,,,,,,,,,,,,
Jemima,Jemma,,Mima(i),,,,,,,,,,,,,,,,,,,,,,,,,,
Jennet,Jenny,,Jessie,(Canada),,,,,,,,,,,,,,,,,,,,,,,,,
Jennifer,(adaptation,of,Winifred),Jan,,Jenny,etc.,,,,,,,,,,,,,,,,,,,,,,
Jeremiah,Jeremy,,Jerry,,,,,,,,,,,,,,,,,,,,,,,,,,
Jerita,Rita,,,,,,,,,,,,,,,,,,,,,,,,,,,,
Jessica,Jess,,Jesse,,Jessie,,Sica,,,,,,,,,,,,,,,,,,,,,,
Jincy,Jinsy,Jane,,,,,,,,,,,,,,,,,,,,,,,,,,,
Jessie,Jane,,Janet,,Jess,,Jessica,,,,,,,,,,,,,,,,,,,,,,
Joanna,Jane,Jean,Joan,Jody,,Johanna,-,(m),John,,,,,,,,,,,,,,,,,,,,
John,Hans,Ian,Ivan,Jack,,Jean,Jehu,Jayhugh,Jock,-(f),See,Joanna,,,,,,,,,,,,,,,,,
Johannes,John,Johnny,,Jonathan,,,,,,,,,,,,,,,,,,,,,,,,,
Jonathan,John,,Jon,,Nat,,Nathan,,,,,,,,,,,,,,,,,,,,,,
Joseph,Joe,,Joey,-,(f),Josephine,,,,,,,,,,,,,,,,,,,,,,,
Josepha,Josephine,Pheny,,,,,,,,,,,,,,,,,,,,,,,,,,,
Josephine,Jo,,Joey,,Josey(ie),,Fina,(m),Joseph,,,,,,,,,,,,,,,,,,,,
Josetta,Jettie,,,,,,,,,,,,,,,,,,,,,,,,,,,,
Joshua,Josh,,,,,,,,,,,,,,,,,,,,,,,,,,,,
Joyce,Joy,,,,,,,,,,,,,,,,,,,,,,,,,,,,
Juanita,Nita,,,,,,,,,,,,,,,,,,,,,,,,,,,,
Judah,Jude,,Juder,,,,,,,,,,,,,,,,,,,,,,,,,,
Judith,Juda,,Jude,,Judi(e),,Judy,,,,,,,,,,,,,,,,,,,,,,
Julia,Jill,,Julie,,Juliet,-,(m),Julian,Julius,Jule,,,,,,,,,,,,,,,,,,,
June,-,(m),Junius,,,,,,,,,,,,,,,,,,,,,,,,,,
Justin,Justus,-,(f),Justina,,,,,,,,,,,,,,,,,,,,,,,,,
Karonhappuck,Carrie,,Karen,,Karon,,Happy,,,,,,,,,,,,,,,,,,,,,,
Katarina,Catherine,,Tina,,,,,,,,,,,,,,,,,,,,,,,,,,
Katherine,Kat,,Kate,(etc),,Kitsey,,Kitty,-,See,Catherine,,,,,,,,,,,,,,,,,,
Kathleen,-,See,Catherine,,,,,,,,,,,,,,,,,,,,,,,,,,
Kayla,Kay-Kay,,,,,,,,,,,,,,,,,,,,,,,,,,,,
Kendra,Kay,,Kenny,,Kenj,Kenji,,,,,,,,,,,,,,,,,,,,,,,
Keziah,Kezzie,(y),,Kid,,Kizzy,,etc.,,,,,,,,,,,,,,,,,,,,,
Kristel,Kris,,etc.,,,,,,,,,,,,,,,,,,,,,,,,,,
Kristine,Kissy,,Kris,,Krissy,,,,,,,,,,,,,,,,,,,,,,,,
KristopherChristopher,Chris,,etc.,,,,,,,,,,,,,,,,,,,,,,,,,,
Lafayette,Fate,,Fayette,,Left,,Leffie(y),,,,,,,,,,,,,,,,,,,,,,
Laodicia,Dicy,,Cenia,,,,,,,,,,,,,,,,,,,,,,,,,,
Lauren,Laurie,,Ren,,,,,,,,,,,,,,,,,,,,,,,,,,
Laurinda,Laura,-,(m),Lawrence,,,,,,,,,,,,,,,,,,,,,,,,,
Lauryn,Laurie,,,,,,,,,,,,,,,,,,,,,,,,,,,,
Laveda,Veda,,,,,,,,,,,,,,,,,,,,,,,,,,,,
Laverne,Verna,-,(m),Vernon,,,,,,,,,,,,,,,,,,,,,,,,,
Lavinia,Lavonia,Louvinia,Vina,,Viney,,Vonnie,,Wyncha,,,,,,,,,,,,,,,,,,,,
Lawrence,Larry,Lars,Laurence,Lawrie,Lon,Lorry,-,(f),Laura,,,,,,,,,,,,,,,,,,,,
Leanne,Annie,,Lea,,,,,,,,,,,,,,,,,,,,,,,,,,
Lecurgus,Curg,,,,,,,,,,,,,,,,,,,,,,,,,,,,
Lee,names,with,Le,,,,,,,,,,,,,,,,,,,,,,,,,,
Lemuel,Lem,,,,,,,,,,,,,,,,,,,,,,,,,,,,
Lena,names,ending,with,leen/lina,,,,,,,,,,,,,,,,,,,,,,,,,
Leonard,Leo,,Leon,-,(f),Leona,,,,,,,,,,,,,,,,,,,,,,,
Leonidas,Lee,,Leon,,,,,,,,,,,,,,,,,,,,,,,,,,
Leonore,Leonora,Elenor,,Honor,,Nora,,,,,,,,,,,,,,,,,,,,,,,
LeRoy,Lee,,Roy,,,,,,,,,,,,,,,,,,,,,,,,,,
Leslie,Les,,Lester,,,,,,,,,,,,,,,,,,,,,,,,,,
Letitia,Lettie,,Lettice,,Titia,,Tish,,,,,,,,,,,,,,,,,,,,,,
Levicy,Vicy,,,,,,,,,,,,,,,,,,,,,,,,,,,,
Levone,Lavonne,Von,,,,,,,,,,,,,,,,,,,,,,,,,,,
Lillian,Lil,(a),,Lilly,,Lolly,,Odie,,,,,,,,,,,,,,,,,,,,,
Lina,names,ending,with,lena/lina,,,,,,,,,,,,,,,,,,,,,,,,,
Lincoln,Link,,,,,,,,,,,,,,,,,,,,,,,,,,,,
Lionel,Leon,,,,,,,,,,,,,,,,,,,,,,,,,,,,
Littleberry,Berry,,L.B.,,Little,,,,,,,,,,,,,,,,,,,,,,,,
Lois,Heloise,,Louise,,,,,,,,,,,,,,,,,,,,,,,,,,
Loretta,Etta,,Laura,,Lorrie,,Retta,,,,,,,,,,,,,,,,,,,,,,
Lorinda,Laurinda,Laura,,,,,,,,,,,,,,,,,,,,,,,,,,,
Lorraine,Lorrie,,,,,,,,,,,,,,,,,,,,,,,,,,,,
Lotta,Lotty,Charlotte,,Charlotta,,,,,,,,,,,,,,,,,,,,,,,,,
Louis,Lewis,,Lou,,Louie,-,(f),Louise,,,,,,,,,,,,,,,,,,,,,
Louise,Eliza,Eloise,Issie,,Lois,Lou,Lulu,-,(m),Louis,,,,,,,,,,,,,,,,,,,
Louvenia,lavinia,Vina,,Viny,,,,,,,,,,,,,,,,,,,,,,,,,
Lucia,Lucy,-,(m),Lucius,,,,,,,,,,,,,,,,,,,,,,,,,
Lucias,Lucas,,Luke,,,,,,,,,,,,,,,,,,,,,,,,,,
Lucille,Ceall,,Cille,,Lucy,,,,,,,,,,,,,,,,,,,,,,,,
Lucina,Sinah,,,,,,,,,,,,,,,,,,,,,,,,,,,,
Lucinda,Cindy,,Lucy,,,,,,,,,,,,,,,,,,,,,,,,,,
Lucretia,Creasey,,,,,,,,,,,,,,,,,,,,,,,,,,,,
Luella,Ella,,,,,,,,,,,,,,,,,,,,,,,,,,,,
Lunetta,Nettie,,,,,,,,,,,,,,,,,,,,,,,,,,,,
Lurana,Lura,,,,,,,,,,,,,,,,,,,,,,,,,,,,
Lynn,names,ending,with,lene/lina/lyn,,,,,,,,,,,,,,,,,,,,,,,,,
Mabel,Amabel,,Mehitabel,,,,,,,,,,,,,,,,,,,,,,,,,,
Mac,,Mack,Any,name,starting,with,Mac,Mc,,,,,,,,,,,,,,,,,,,,,
Mackenzie,Kenzy,,Mac,Mack,,,,,,,,,,,,,,,,,,,,,,,,,
Madeline,Lena,,Maddie,,Madge,,Maggie,,Maud,,Middy,,,,,,,,,,,,,,,,,,
Madison,Maddy,,Mattie,,,,,,,,,,,,,,,,,,,,,,,,,,
Magdalena,Lena,,Maggie,,,,,,,,,,,,,,,,,,,,,,,,,,
Mahala,Haley,,Huldah,,,,,,,,,,,,,,,,,,,,,,,,,,
Malachi,Mally,,,,,,,,,,,,,,,,,,,,,,,,,,,,
Malcolm,Mac,,Mal,,Malc,,,,,,,,,,,,,,,,,,,,,,,,
Malinda,Lindy,,,,,,,,,,,,,,,,,,,,,,,,,,,,
Malissa,Melissa,Elizabeth,,Missa,etc.,,,,,,,,,,,,,,,,,,,,,,,,
Manerva,Eve,,Minerva,,Nerva,,Nervie,,,,,,,,,,,,,,,,,,,,,,
Manoah,Noah,,,,,,,,,,,,,,,,,,,,,,,,,,,,
Manola,Nonnie,,,,,,,,,,,,,,,,,,,,,,,,,,,,
Manuel,Emanuel,,Manny,,,,,,,,,,,,,,,,,,,,,,,,,,
Marcus,Mark,-,(f),Marcia,,,,,,,,,,,,,,,,,,,,,,,,,
Margaret,Daisy,Greta,Madge,Maggie,,Maisie,,Marge,Margo,Meg,Megan,Metta,Midge,,Peggie,,,,,,,,,,,,,,
Margarita,Rita,-,See,Margaret,,,,,,,,,,,,,,,,,,,,,,,,,
Mariah,Maria,,Mary,,,,,,,,,,,,,,,,,,,,,,,,,,
Marie,Mae,,,,,,,,,,,,,,,,,,,,,,,,,,,,
Marion,-,(f),Mary,,,,,,,,,,,,,,,,,,,,,,,,,,
Marian,Marianna,-,(m),Marion,,,,,,,,,,,,,,,,,,,,,,,,,
Marilyn,Mary,,,,,,,,,,,,,,,,,,,,,,,,,,,,
Marissa,Rissa,,,,,,,,,,,,,,,,,,,,,,,,,,,,
Marjorie,Madge,Marge,,Margie,,,,,,,,,,,,,,,,,,,,,,,,,
Marsha,Marcie,,Mary,,,,,,,,,,,,,,,,,,,,,,,,,,
Martha,Marnie,,Mart,Marty,Mat,Mattie,Patsy,Patty,,,,,,,,,,,,,,,,,,,,,
Martine,Tine,,,,,,,,,,,,,,,,,,,,,,,,,,,,
Marvin,Marv,,Merv,,Mervyn,,,,,,,,,,,,,,,,,,,,,,,,
Mary,Mae,Mamie,Maria(h),Marie,,Marietta,,Marion,Maureen,,May,,Mercy,,Minnie,Mitzi,,Mollie,(y),,Polly,,,,,,,,
Mary,Maura,meaning,"Big Mary",&,Moira,meaning,"Little Mary",,America,,Demaris,,,,,,,,,,,,,,,,,,
Matthew,Matt,,Matthias,,,,,,,,,,,,,,,,,,,,,,,,,,
Mathilda,Patty,,Tillie,,,,,,,,,,,,,,,,,,,,,,,,,,
Matilda,Mat,Matty,Maud,Tilda,Tillie,,,,,,,,,,,,,,,,,,,,,,,,
Marguerite,Peggy,,,,,,,,,,,,,,,,,,,,,,,,,,,,
Maureen,Mary,,,,,,,,,,,,,,,,,,,,,,,,,,,,
Maurice,Maury,,Morris,,Mossie,,,,,,,,,,,,,,,,,,,,,,,,
Mavine,Mavery,(m),Mave,,,,,,,,,,,,,,,,,,,,,,,,,,
Maxine,Max,-,names,starting,with,Max,,,,,,,,,,,,,,,,,,,,,,,
May,Mae,,,,,,,,,,,,,,,,,,,,,,,,,,,,
Mc,Any,name,starting,with,Mac,Mc,,,,,,,,,,,,,,,,,,,,,,,
McKenna,Ken,,Kenna,,Meaka,,,,,,,,,,,,,,,,,,,,,,,,
Medora,Dora,,,,,,,,,,,,,,,,,,,,,,,,,,,,
Megan,Meg,,,,,,,,,,,,,,,,,,,,,,,,,,,,
Mehitabel,Hetty,,Mabel,,Mitty,,,,,,,,,,,,,,,,,,,,,,,,
Melanie,Mellie,,,,,,,,,,,,,,,,,,,,,,,,,,,,
Melchizedek,Dick,,Zadock,,,,,,,,,,,,,,,,,,,,,,,,,,
Melinda,Linda,,Lindy,,Mel,,,,,,,,,,,,,,,,,,,,,,,,
Melissa,Alyssa,,Lisa,,Mel,,Milly,,Missy,,,,,,,,,,,,,,,,,,,,
Mellony,Mellia,,,,,,,,,,,,,,,,,,,,,,,,,,,,
Melody,Lodi,,,,,,,,,,,,,,,,,,,,,,,,,,,,
Melvin,Mel,,,,,,,,,,,,,,,,,,,,,,,,,,,,
Melvina,Vina,,,,,,,,,,,,,,,,,,,,,,,,,,,,
Mercedes,Merci,Mercy,,Sadie,,,,,,,,,,,,,,,,,,,,,,,,,
Meridy,,,,,,,,,,,,,,,,,,,,,,,,,,,,,
Micajah,Cage,,,,,,,,,,,,,,,,,,,,,,,,,,,,
Michael,Mickey,,Mike,,Mitchell,,,,,,,,,,,,,,,,,,,,,,,,
Michelle,Mickey,,Shelly,,,,,,,,,,,,,,,,,,,,,,,,,,
Mildred,Mell,,Milly,,Mimi,,,,,,,,,,,,,,,,,,,,,,,,
Millicent,Milly,,,,,,,,,,,,,,,,,,,,,,,,,,,,
Minerva,Mina,Minnie,Nerva,Nervie,,,,,,,,,,,,,,,,,,,,,,,,,
Miranda,Mandy,,Mari,,Mira,,Randy,,,,,,,,,,,,,,,,,,,,,,
Miriam,Mary,,Mitzi,,,,,,,,,,,,,,,,,,,,,,,,,,
Mitchell,Michael,,Mitch,,,,,,,,,,,,,,,,,,,,,,,,,,
Mitzi,Mary,,,,,,,,,,,,,,,,,,,,,,,,,,,,
Monet,Nettie,,,,,,,,,,,,,,,,,,,,,,,,,,,,
Monica,Monna,(ie),,,,,,,,,,,,,,,,,,,,,,,,,,,
Monteleon,Monte,,,,,,,,,,,,,,,,,,,,,,,,,,,,
Montesque,Monty,,,,,,,,,,,,,,,,,,,,,,,,,,,,
Montgomery,Gum,,Monty,,,,,,,,,,,,,,,,,,,,,,,,,,
Mortimer,Mort,,,,,,,,,,,,,,,,,,,,,,,,,,,,
Moses,Amos,,Mose,,Moss,,,,,,,,,,,,,,,,,,,,,,,,
Muriel,Mur,,,,,,,,,,,,,,,,,,,,,,,,,,,,
Myrtle,Mert,Myrt,,Myrti,,,,,,,,,,,,,,,,,,,,,,,,,
Nadine,Dee,Dee,,Nada,,,,,,,,,,,,,,,,,,,,,,,,,
Nancy,-,also,a,male,name,,,,,,,,,,,,,,,,,,,,,,,,
Nancy,Agnes,,Ann,,Nan,,Nance,Nannie,,,,,,,,,,,,,,,,,,,,,
Naomi,Omi,,,,,,,,,,,,,,,,,,,,,,,,,,,,
Napoleon,Leon,,Nap,Poley,,Pony,,,,,,,,,,,,,,,,,,,,,,,
Natalie,Nattie,,Nettie,-,,,,,,,,,,,,,,,,,,,,,,,,,
Natasha,Nat,,Tasha,,,,,,,,,,,,,,,,,,,,,,,,,,
Nathaniel,Jonathan,Nat,,Nate,,Natty,Nathan,Tan,,,,,,,,,,,,,,,,,,,,,
Nelson,Nels,,,,,,,,,,,,,,,,,,,,,,,,,,,,
Nicholas,Nick,Nicky,,etc.,,,,,,,,,,,,,,,,,,,,,,,,,
Nicodemus,Nick,,,,,,,,,,,,,,,,,,,,,,,,,,,,
Nicole,Cole,,Nikki,,Nole,,,,,,,,,,,,,,,,,,,,,,,,
Nora,Nonie,,,,,,,,,,,,,,,,,,,,,,,,,,,,
Nowell,Noel,,,,,,,,,,,,,,,,,,,,,,,,,,,,
Obadiah,Diah,,Dyer,,Obe,,Obed,,Obie,,,,,,,,,,,,,,,,,,,,
Obedience,Beda,,Beedy,,Biddie,,Obed,,,,,,,,,,,,,,,,,,,,,,
Octavia,Tave,,Tavia,,,,,,,,,,,,,,,,,,,,,,,,,,
Odell,Odo,,,,,,,,,,,,,,,,,,,,,,,,,,,,
Olive,Ollie,,,,,,,,,,,,,,,,,,,,,,,,,,,,
Olivia,Livia,,Olive,-,(m),Oliver,,,,,,,,,,,,,,,,,,,,,,,
Oliver,Ollie,,,,,,,,,,,,,,,,,,,,,,,,,,,,
Onicyphorous,Cy,,Cyphorus,,One,,Osaforum,Osaforus,,Syphorous,,,,,,,,,,,,,,,,,,,
Orilla,Aurilla,Ora,,Rilly,,,,,,,,,,,,,,,,,,,,,,,,,
Orlando,Roland,,,,,,,,,,,,,,,,,,,,,,,,,,,,
Orphelia,Phelia,,,,,,,,,,,,,,,,,,,,,,,,,,,,
Oswald,Ossy,,Waldo,,,,,,,,,,,,,,,,,,,,,,,,,,
Otis,Ode,,Ote,,,,,,,,,,,,,,,,,,,,,,,,,,
Pamela,Pam,,,,,,,,,,,,,,,,,,,,,,,,,,,,
Pandora,Dora,,,,,,,,,,,,,,,,,,,,,,,,,,,,
Parthenia,Parsuny,Pasoonie,,Phenie,,Teeny,,,,,,,,,,,,,,,,,,,,,,,
Patience,Pat,,Patty,,,,,,,,,,,,,,,,,,,,,,,,,,
Patricia,Pat,,Patsy,,Patty,,Tricia,,Trish,,Trixie,-,(m),Patrick,,,,,,,,,,,,,,,
Patrick,Paddy,Pat,Patsy,Peter,Patricia,,,,,,,,,,,,,,,,,,,,,,,,
Paul,-,(f),Paula,,Pauline,,Polly,,,,,,,,,,,,,,,,,,,,,,
Pauline,Polly,,,,,,,,,,,,,,,,,,,,,,,,,,,,
Penelope,Neppie,,Penny,,,,,,,,,,,,,,,,,,,,,,,,,,
Percival,Perce,Percy,,,,,,,,,,,,,,,,,,,,,,,,,,,
Peregrine,Perry,,,,,,,,,,,,,,,,,,,,,,,,,,,,
Permelia,Mellie,(y),,Milly,,,,,,,,,,,,,,,,,,,,,,,,,
Pernetta,Nettie,,,,,,,,,,,,,,,,,,,,,,,,,,,,
Persephone,Seph,Sephy,,,,,,,,,,,,,,,,,,,,,,,,,,,
Petronella,Nellie,,,,,,,,,,,,,,,,,,,,,,,,,,,,
Pharaba,Pheriba,Ferbie,,Pherbia,,,,,,,,,,,,,,,,,,,,,,,,,
Pheney,Josephine,,,,,,,,,,,,,,,,,,,,,,,,,,,,
Philip,Filip,,Phil,,Pip,,etc.,-,(f)Phyllis,,Philippa,,,,,,,,,,,,,,,,,,
Philadelphia,Delphia,,,,,,,,,,,,,,,,,,,,,,,,,,,,
Philander,Fie,,,,,,,,,,,,,,,,,,,,,,,,,,,,
Philipina,Phoebe,,Penie,,,,,,,,,,,,,,,,,,,,,,,,,,
Philomena,-,Mena,(f),Almena,,,,,,,,,,,,,,,,,,,,,,,,,
Phoebe,Fifi,,,,,,,,,,,,,,,,,,,,,,,,,,,,
Pinckney,Pink,,,,,,,,,,,,,,,,,,,,,,,,,,,,
Pleasant,Ples,,,,,,,,,,,,,,,,,,,,,,,,,,,,
Pocahontas,Pokey,,,,,,,,,,,,,,,,,,,,,,,,,,,,
Posthuma,Humey,,,,,,,,,,,,,,,,,,,,,,,,,,,,
Prescott,Pres,,Scott,,,,,,,,,,,,,,,,,,,,,,,,,,
Priscilla,Cil,Cilla,,Ciller,,Prissy,,Siller,,,,,,,,,,,,,,,,,,,,,
Providence,Provy,,,,,,,,,,,,,,,,,,,,,,,,,,,,
Prudence,Densy,,Prudy,,,,,,,,,,,,,,,,,,,,,,,,,,
Rachel,Rae,Ray,,Raech,,,,,,,,,,,,,,,,,,,,,,,,,
Randolph,Dolph,,Rafe,,Randall,,Randy,,,,,,,,,,,,,,,,,,,,,,
Raphael,Raff,,,,,,,,,,,,,,,,,,,,,,,,,,,,
Ramona,Mona,,,,,,,,,,,,,,,,,,,,,,,,,,,,
Raymond,Ray,,,,,,,,,,,,,,,,,,,,,,,,,,,,
Rebecca,Becca,,Beck,,Beckie,(y),,Reba,,,,,,,,,,,,,,,,,,,,,
Regina,Gina,,Ray,,,,,,,,,,,,,,,,,,,,,,,,,,
Reginald,Reg,,Reggie,,Rex,,Reynold,,,,,,,,,,,,,,,,,,,,,,
Reuben,Rube,,Ruby,,,,,,,,,,,,,,,,,,,,,,,,,,
Reynold,Reginald,,,,,,,,,,,,,,,,,,,,,,,,,,,,
Rhoda,Rodie,,,,,,,,,,,,,,,,,,,,,,,,,,,,
Rhodella,Della,,,,,,,,,,,,,,,,,,,,,,,,,,,,
Rhyna,Rhynie,,,,,,,,,,,,,,,,,,,,,,,,,,,,
Richard,Dick,,Rich(ie),,Rick,,Ritchie,,,,,,,,,,,,,,,,,,,,,,
Robert,Dob,,Dobbin,Bob(by),Rob,Robin,Rupert,-,(f),Roberta,,,,,,,,,,,,,,,,,,,
Roberta,Bert,Bobbie,Robbie,-,(m),Robert,,,,,,,,,,,,,,,,,,,,,,,
Roderick,Erick,,Rod,,Rickie,,,,,,,,,,,,,,,,,,,,,,,,
Roger,Hodge,,Hodgekin,,,,,,,,,,,,,,,,,,,,,,,,,,
Roland,Orlando,,Rowland,,,,,,,,,,,,,,,,,,,,,,,,,,
Ronald,Ron,Ronnie,,,,,,,,,,,,,,,,,,,,,,,,,,,
Roscoe,Ross,,,,,,,,,,,,,,,,,,,,,,,,,,,,
Rose,names,starting,with,rose,,,,,,,,,,,,,,,,,,,,,,,,,
Rosina,Sina,,,,,,,,,,,,,,,,,,,,,,,,,,,,
Roxane,Rox,Roxie,,,,,,,,,,,,,,,,,,,,,,,,,,,
Rudolph,Dolph,,Rolf,,Rollo,,Rudy,,,,,,,,,,,,,,,,,,,,,,
Rufina,ReFina,Fina,,,,,,,,,,,,,,,,,,,,,,,,,,,
Russell,Russ,,,,,,,,,,,,,,,,,,,,,,,,,,,,
Ryan,Ry,,,,,,,,,,,,,,,,,,,,,,,,,,,,
Sabrina,Bri,,Brina,,Sabby,,Sabra,,,,,,,,,,,,,,,,,,,,,,
Salome,Loomie,,,,,,,,,,,,,,,,,,,,,,,,,,,,
Salvador,Sal,,,,,,,,,,,,,,,,,,,,,,,,,,,,
Samantha,Mantha,,Sammy,etc.,,,,,,,,,,,,,,,,,,,,,,,,,
Samson,Sampson,Sam,,,,,,,,,,,,,,,,,,,,,,,,,,,
Samuel,Sam,,Sonny,,,,,,,,,,,,,,,,,,,,,,,,,,
Samyra,Myra,,,,,,,,,,,,,,,,,,,,,,,,,,,,
Sandra,Alexandra,,Sandy,,,,,,,,,,,,,,,,,,,,,,,,,,
Sanford,Sandy,,,,,,,,,,,,,,,,,,,,,,,,,,,,
Sarah,Cera,,Sadie,Sal,Sallie,Sara(i),Sukie,,Surry,,,,,,,,,,,,,,,,,,,,
Sarilla,Silla,,,,,,,,,,,,,,,,,,,,,,,,,,,,
Sarina,Serena,Rena,etc.,,,,,,,,,,,,,,,,,,,,,,,,,,
Savannah,Anna,,Vannie,etc.,,,,,,,,,,,,,,,,,,,,,,,,,
Scott,-,names,with,scott,,Sceeter,,Squat,,Scottie,,,,,,,,,,,,,,,,,,,
Sebastian,Sebby,,,,,,,,,,,,,,,,,,,,,,,,,,,,
Selma,-,(m),Anselm,,,,,,,,,,,,,,,,,,,,,,,,,,
Serena,Rena,etc.,,,,,,,,,,,,,,,,,,,,,,,,,,,
Serilla,Rilla,,,,,,,,,,,,,,,,,,,,,,,,,,,,
Shaina,Sha,,Shay,,Sha-Sha,,,,,,,,,,,,,,,,,,,,,,,,
Sharon,Sha,,Shay,,,,,,,,,,,,,,,,,,,,,,,,,,
Sheila,Cecilia,,,,,,,,,,,,,,,,,,,,,,,,,,,,
Sheldon,Shelly,,,,,,,,,,,,,,,,,,,,,,,,,,,,
Sheridan,Dan,,Danny,,,,,,,,,,,,,,,,,,,,,,,,,,
Sidney,Sid,,,,,,,,,,,,,,,,,,,,,,,,,,,,
Sibbilla,,Sibbell,,Sybill,Sibbie,,,,,,,,,,,,,,,,,,,,,,,,
Sigfrid,Sigfired,Sid,,,,,,,,,,,,,,,,,,,,,,,,,,,
Sigismund,Sig,,,,,,,,,,,,,,,,,,,,,,,,,,,,
Silas,Si,,,,,,,,,,,,,,,,,,,,,,,,,,,,
Silence,Liley,,,,,,,,,,,,,,,,,,,,,,,,,,,,
Silvester,Sylvester,Si,,Syl,,Sly,,Vest,,Vester,,,,,,,,,,,,,,,,,,,
Simeon,Sim,,Simon,,,,,,,,,,,,,,,,,,,,,,,,,,
Socrates,Crate,,,,,,,,,,,,,,,,,,,,,,,,,,,,
Solomon,Sal,Salmon,Sol,Solly,Zolly,,,,,,,,,,,,,,,,,,,,,,,,
Sondra,Dre,,Sonnie,,,,,,,,,,,,,,,,,,,,,,,,,,
Sophronia,Frona,,Fronia,,Sophia,,,,,,,,,,,,,,,,,,,,,,,,
Stan,names,starting,with,Stan,,,,,,,,,,,,,,,,,,,,,,,,,
Stephanie,Annie,,Steph(ie)-,(m),Stephen,,,,,,,,,,,,,,,,,,,,,,,,
Stephen,Step,,Steve,(ie),,Steven,-,(f)Stephanie,,,,,,,,,,,,,,,,,,,,,
Submit,Mitty,,,,,,,,,,,,,,,,,,,,,,,,,,,,
Sullivan,Sully,,,,,,,,,,,,,,,,,,,,,,,,,,,,
Susannah,Hannah,,Sudy,,Sue,,Sukey,Susan,,Susie,Suzanne,,,,,,,,,,,,,,,,,,
Suzanne,Suki,,,,,,,,,,,,,,,,,,,,,,,,,,,,
Sybill,Sibbie,,,,,,,,,,,,,,,,,,,,,,,,,,,,
Sydney,Sid,,,,,,,,,,,,,,,,,,,,,,,,,,,,
Sylvanus,Sly,,Syl,,,,,,,,,,,,,,,,,,,,,,,,,,
Sylvester,See,Silvester,,,,,,,,,,,,,,,,,,,,,,,,,,,
Tabitha,Tabby,,,,,,,,,,,,,,,,,,,,,,,,,,,,
Tamarra,Tammy,,,,,,,,,,,,,,,,,,,,,,,,,,,,
Tanafra,Tanny,,,,,,,,,,,,,,,,,,,,,,,,,,,,
Tasha,Tash,Tashie,,,,,,,,,,,,,,,,,,,,,,,,,,,
Temperance,Tempy,,,,,,,,,,,,,,,,,,,,,,,,,,,,
Terence,Terry,,,,,,,,,,,,,,,,,,,,,,,,,,,,
Teresa,Terry,,Tess,,Tessie,,Tyrza,,,,,,,,,,,,,,,,,,,,,,
Thaddeus,Tad,Thad,,,,,,,,,,,,,,,,,,,,,,,,,,,
Theodora,Dora,,,,,,,,,,,,,,,,,,,,,,,,,,,,
Theodore,Dorey,,Ted,,Theotric,-,(f),Theodora,,,,,,,,,,,,,,,,,,,,,
Theodosia,Dosia,,Theo,-,(m),Theodosius,,,,,,,,,,,,,,,,,,,,,,,
Theophilus,Ophi,,,,,,,,,,,,,,,,,,,,,,,,,,,,
Theotha,Otha,,,,,,,,,,,,,,,,,,,,,,,,,,,,
Theresa,Terry,Tess,Tessie,Thursa,Ticy,Tracy,,Trissy,,,,,,,,,,,,,,,,,,,,,
Thomas,Thom,,Tom,,,,,,,,,,,,,,,,,,,,,,,,,,
Thomasa,Thomasine,Tamzine,,,,,,,,,,,,,,,,,,,,,,,,,,,
Tiffany,Tiff,Tiffy,,,,,,,,,,,,,,,,,,,,,,,,,,,
Tilford,(m),Tillie,,,,,,,,,,,,,,,,,,,,,,,,,,,
Timothy,Tim,,,,,,,,,,,,,,,,,,,,,,,,,,,,
Tina,names,ending,with,tine/tina,,,,,,,,,,,,,,,,,,,,,,,,,
Tobias,Tobe,Toby,Bias,,,,,,,,,,,,,,,,,,,,,,,,,,
Tranquilla,Trannie,,Quilla,,,,,,,,,,,,,,,,,,,,,,,,,,
Ty,names,starting,Ty,,,,,,,,,,,,,,,,,,,,,,,,,,
,,,,,,,,,,,,,,,,,,,,,,,,,,,,,
Unice,Eunice,Nicie,,,,,,,,,,,,,,,,,,,,,,,,,,,
Uriah,Ury,,,,,,,,,,,,,,,,,,,,,,,,,,,,
Ursula,Sula,,Sulie,,,,,,,,,,,,,,,,,,,,,,,,,,
Valentina,Valentine,Felty,,Val,Vallie,,,,,,,,,,,,,,,,,,,,,,,,
Valerie,Val,,,,,,,,,,,,,,,,,,,,,,,,,,,,
VanBuren,Buren,,,,,,,,,,,,,,,,,,,,,,,,,,,,
Vandalia,Vannie,,,,,,,,,,,,,,,,,,,,,,,,,,,,
Vanessa,Nessa,,Van,Vannie,,,,,,,,,,,,,,,,,,,,,,,,,
Vernisee,Nicey,,,,,,,,,,,,,,,,,,,,,,,,,,,,
Veronica,Franky,Ronnie,Ronna,Vonnie,,,,,,,,,,,,,,,,,,,,,,,,,
Victor,Vic,Vick,,,,,,,,,,,,,,,,,,,,,,,,,,,
Victoria,Toria,,Torrie,,Tory,,Vicki,-,(m),Victor,,,,,,,,,,,,,,,,,,,
Vida,-,(m),David,,,,,,,,,,,,,,,,,,,,,,,,,,
Vincent,Vin,,Vince,,Vinnie,Vinny,,,,,,,,,,,,,,,,,,,,,,,
Viola,Ola,,Vi,,,,,,,,,,,,,,,,,,,,,,,,,,
Violetta,Lettie,,,,,,,,,,,,,,,,,,,,,,,,,,,,
Virginia,Ginger,Ginny,Jane,Jennie,(y),,Jinie,Virgie,,,,,,,,,,,,,,,,,,,,,
Vivian,Vi,,Viv,,,,,,,,,,,,,,,,,,,,,,,,,,
Waldo,Oswald,,,,,,,,,,,,,,,,,,,,,,,,,,,,
Wallace,Wallie,Wally,,,,,,,,,,,,,,,,,,,,,,,,,,,
Walter,Wat,,,,,,,,,,,,,,,,,,,,,,,,,,,,
Webster,Webb,,,,,,,,,,,,,,,,,,,,,,,,,,,,
Wendy,Wen,Wilber,Wib,,,,,,,,,,,,,,,,,,,,,,,,,,
Wilfred,Fred,,Willie,,,,,,,,,,,,,,,,,,,,,,,,,,
Wilhelmina,Billie,,Helmie,Mina,Minnie,Willie,Wilma,-,(m),Wilhelm,William,,,,,,,,,,,,,,,,,,
Willie,names,starting,with,Wil,,,,,,,,,,,,,,,,,,,,,,,,,
William,Bill,Bud,,Will,,,,,,,,,,,,,,,,,,,,,,,,,
Willis,Bill,,Willy,,,,,,,,,,,,,,,,,,,,,,,,,,
Wilda,(f),Willie,,,,,,,,,,,,,,,,,,,,,,,,,,,
Wilma,-,Billie,(m),Wilhelm,,William,,,,,,,,,,,,,,,,,,,,,,,
Winfield,Field,,Win,,Winny,,,,,,,,,,,,,,,,,,,,,,,,
Winifred,Freddie,,Winnie,,Winnet,,,,,,,,,,,,,,,,,,,,,,,,
Winton,Wint,,,,,,,,,,,,,,,,,,,,,,,,,,,,
Woodrow,Woody,-,names,wood,,,,,,,,,,,,,,,,,,,,,,,,,
Yeona,Ona,,Onie,,,,,,,,,,,,,,,,,,,,,,,,,,
Yulan,Lan,,Yul,,,,,,,,,,,,,,,,,,,,,,,,,,
Yvonne,Vonna,,,,,,,,,,,,,,,,,,,,,,,,,,,,
Zachariah,Zach,,Zacharias,,Zachary,,Zeke,,,,,,,,,,,,,,,,,,,,,,
Zadock,Dick,,Dock,,Melchizedek,,Zed,,,,,,,,,,,,,,,,,,,,,,
Zaven,Zee,,,,,,,,,,,,,,,,,,,,,,,,,,,,
Zebulon,Lon,,Zeb,,,,,,,,,,,,,,,,,,,,,,,,,,
Zedediah,Zed,,,,,,,,,,,,,,,,,,,,,,,,,,,,
Zelphia,Zel,,Zella,,Zelphy,,,,,,,,,,,,,,,,,,,,,,,,
Zepaniah,Zeph,,,,,,,,,,,,,,,,,,,,,,,,,,,,
Zilpha,Ziffie,,,,,,,,,,,,,,,,,,,,,,,,,,,,
